-793.48,255.65,-334.05,-306.13,651.98,618.85,-794.66,-316.05,-110.80,432.91,-856.50,-792.66,975.03,456.89,396.83,126.09,-839.66,-260.31,-279.45,-966.39
-368.00,654.79,512.97,885.41,-152.43,-388.77,176.73,564.43,296.14,641.54,295.70,183.68,571.14,-871.37,964.82,875.64,-422.83,-906.06,629.88,-979.17
723.85,-552.47,311.43,-688.18,-929.47,417.93,-39.57,732.54,584.31,-313.96,497.11,609.99,519.13,284.71,-664.41,55.12,266.23,608.77,-479.56,330.08
126.27,-92.72,781.30,991.73,106.05,872.18,-844.12,-341.59,287.27,925.13,-794.41,238.67,-43.50,116.32,-876.37,-343.85,-917.37,140.89,478.08,-532.21
-515.38,-583.18,675.69,63.99,-515.54,-665.93,986.89,873.60,-848.85,-963.64,-223.18,144.06,-193.82,933.20,110.27,879.82,232.04,897.48,415.85,-970.40
-593.02,-768.18,-179.37,383.13,153.51,-962.00,-937.15,-91.58,152.75,66.25,790.91,627.72,556.49,-214.18,-105.29,862.26,-396.00,-958.24,786.15,-172.34
-716.87,-510.85,672.75,18.29,630.79,615.77,-226.69,937.52,-291.89,809.19,-588.29,-517.57,-704.12,-245.55,65.55,434.05,300.59,-407.68,486.11,-416.51
-54.91,-451.23,-316.99,-335.68,737.07,404.20,574.35,-234.32,-684.02,-770.55,-120.24,-888.74,408.47,-389.88,966.87,-749.67,-909.27,78.64,-609.24,-411.75
-833.42,-198.17,509.37,-713.74,979.45,-27.02,167.57,-140.11,414.90,30.04,-415.71,928.11,-588.88,531.90,174.77,-52.27,-723.39,-454.93,-992.37,152.67
692.67,618.96,-768.85,478.32,428.42,707.10,164.80,69.36,-778.68,-201.04,605.78,1.70,532.27,-182.95,-775.97,-513.16,582.20,-920.10,465.28,-120.41
144.45,695.61,441.48,-65.14,-204.61,-37.34,-41.63,859.85,-207.12,732.34,55.41,378.65,203.97,-513.57,-149.62,534.40,-931.10,-406.38,-713.43,-241.18
919.63,-886.92,-832.34,319.15,313.96,-874.09,-103.01,13.81,822.34,453.62,-484.41,678.55,-916.47,-878.14,598.85,293.55,496.96,-516.46,116.97,210.12
725.21,922.08,765.65,758.30,618.49,-601.45,321.93,-431.18,-275.17,396.98,-524.77,-93.24,73.89,-912.48,564.80,-794.21,-520.33,-730.04,349.10,-887.25
649.55,703.49,434.99,-527.19,453.62,801.95,309.69,-500.40,-44.77,287.67,615.21,-821.51,984.77,-153.54,-246.12,452.01,-235.07,638.99,-451.59,740.62
-466.05,-1.31,616.62,276.19,-774.10,-426.88,-876.43,266.69,-488.72,-499.33,-29.61,-366.43,-618.94,-494.60,-756.15,-948.92,21.23,-833.11,967.39,17.25
333.15,648.62,456.92,8.55,-137.91,-65.99,140.52,373.76,-764.28,859.68,-178.90,-62.66,158.72,-723.02,-217.06,-169.46,-402.57,524.04,591.63,-224.38
164.31,122.12,76.96,-947.83,906.75,312.17,-4.13,784.02,-39.65,-863.74,-751.80,225.94,871.54,71.65,-753.64,-259.69,885.93,-521.47,57.98,960.82
589.41,-344.78,319.89,-576.51,332.56,799.82,-113.39,726.81,-801.70,433.11,197.91,-262.01,-271.76,256.77,656.72,-935.98,-934.20,-250.18,-375.09,577.48
449.58,-691.22,419.20,70.65,-33.38,-252.57,99.47,166.48,422.29,-785.36,142.25,-919.75,-16.59,503.20,-234.40,-439.80,808.78,-419.15,-261.85,-712.08
-165.45,-531.20,-138.30,748.28,483.80,575.67,594.41,294.53,-116.70,345.82,-252.00,109.62,-101.17,-572.94,-427.80,-276.87,-28.21,581.61,-684.27,-469.00
-313.43,-655.50,-162.88,629.64,-378.33,-399.34,692.22,336.83,-312.19,850.01,796.08,751.44,-310.44,156.02,444.77,137.84,84.30,55.86,172.19,-925.29
325.49,-335.41,830.27,325.74,363.90,502.49,851.68,655.24,-564.66,342.47,-824.82,-825.64,95.17,661.36,-809.57,-699.55,991.62,-198.67,-844.91,60.51
-235.79,-482.43,-744.06,663.43,820.44,20.16,-582.69,376.72,-801.18,-571.64,318.82,-168.77,136.69,-647.47,605.51,934.35,-737.05,-713.30,-799.00,80.36
764.45,956.20,-670.07,-568.36,762.00,915.77,-631.74,286.30,-446.91,-357.19,246.33,-71.99,-310.64,-19.19,34.22,522.84,-777.29,868.05,717.17,-219.48
876.12,694.53,365.71,-486.83,-926.78,804.58,713.77,5.39,842.37,76.83,275.75,-540.05,634.25,-660.03,-683.21,987.52,697.44,-538.16,498.73,98.19
-370.29,-973.13,467.10,627.04,580.47,-449.85,-236.98,739.59,753.05,-450.12,-359.63,-375.32,-617.47,-563.25,-616.75,111.15,-887.66,772.20,-552.80,-314.18
-28.80,631.60,-674.70,712.56,700.60,-740.36,-44.26,875.32,-822.05,787.30,-132.05,-201.43,334.81,-286.06,130.73,495.40,-605.68,509.16,-454.14,-978.66
-316.58,-247.72,-797.15,76.28,834.52,285.99,-380.88,-263.81,58.14,-80.15,-365.12,-397.85,482.96,145.75,-193.08,-66.19,-725.67,743.63,589.61,-597.66
-960.61,-465.00,-12.65,705.46,-216.15,694.85,25.99,315.84,442.24,212.94,-50.16,-598.88,-951.50,-190.43,-771.55,-320.77,-244.07,242.71,-280.37,678.09
227.34,65.09,-927.28,870.94,-672.10,-152.40,22.83,413.56,-352.24,283.50,-527.41,-202.63,428.23,-140.07,413.37,-599.17,89.03,778.49,-580.69,740.02
-668.54,534.08,-359.91,264.30,-39.01,-252.60,554.31,648.28,204.32,260.92,504.35,560.07,407.11,130.46,-786.48,245.39,336.23,280.25,294.13,-986.93
-690.97,239.46,284.73,197.68,-901.90,-387.60,-776.01,361.29,-921.32,440.44,85.26,-874.29,12.84,-628.18,619.79,-214.78,438.17,-581.33,-744.66,-26.90
412.79,-283.80,-815.97,-705.50,-566.22,-239.11,118.61,750.44,-885.42,-427.63,372.72,-27.25,777.10,-688.98,801.74,-826.51,-766.75,-901.10,409.20,667.68
-227.08,-952.09,414.80,973.14,595.58,111.07,248.71,66.53,785.55,-767.48,-654.49,-173.66,-499.40,-802.62,465.93,446.21,880.34,325.98,-577.21,670.29
-67.94,29.18,-564.36,-567.38,786.30,239.32,230.46,743.22,917.03,-593.46,-846.41,-373.14,-586.61,505.43,-971.54,-348.75,647.56,-306.54,519.94,-992.75
-783.85,-162.76,485.45,61.96,7.45,605.77,13.84,446.48,276.77,380.21,837.38,-922.11,-65.61,374.21,976.93,891.18,175.38,360.85,-974.02,-290.18
-383.04,-81.62,-384.50,-767.74,-387.11,874.39,211.17,272.08,-661.72,-945.59,-929.56,539.59,-523.73,417.58,-648.31,-511.17,279.09,893.87,-17.27,-504.48
-531.59,-402.03,989.27,-101.49,161.38,317.03,936.68,212.77,267.16,774.57,-463.19,703.34,-976.41,217.17,148.10,663.81,189.54,868.10,336.52,120.47
433.22,-830.90,679.41,-264.99,-89.58,-679.29,-68.49,-327.43,-222.74,589.53,748.65,-935.19,517.25,564.57,893.83,31.29,-68.65,-3.79,604.89,-646.83
273.59,407.94,210.57,-488.64,-951.12,-53.12,859.08,384.47,123.69,-583.19,-689.44,759.84,-602.51,-851.02,-205.73,662.82,-353.55,279.37,-159.66,-969.48
-861.90,-239.75,-134.33,240.01,-735.21,8.16,-503.42,-829.14,666.24,-667.62,-49.81,336.72,-920.65,-447.11,17.66,281.61,-38.03,174.98,-348.37,-430.21
748.63,581.51,440.68,187.07,684.68,238.64,-232.45,305.00,354.13,-917.73,-355.99,206.91,-386.38,289.91,-644.03,-514.54,131.60,-717.20,-264.40,641.47
383.47,147.36,45.91,-680.04,562.84,439.41,-207.08,986.70,-111.51,-561.97,-273.30,91.54,-635.17,386.64,299.16,-587.63,174.48,-951.61,-672.95,150.05
497.37,330.60,-947.01,172.19,-509.04,847.07,-159.29,-79.49,-912.18,-179.28,433.37,-716.40,463.28,118.95,-573.65,-859.62,446.47,80.04,676.71,-53.72
355.80,-649.79,-621.45,959.72,-959.29,873.13,475.17,38.01,15.53,710.59,509.16,772.06,-608.45,297.86,-670.71,-525.23,-163.22,800.45,375.34,35.50
940.53,174.76,769.69,663.48,-918.94,-279.26,541.85,-755.90,-898.03,460.75,441.87,577.76,-661.91,84.42,420.76,-189.90,86.44,745.02,443.71,943.95
-751.60,403.21,67.46,-750.55,-635.72,179.36,-814.97,727.36,-145.01,218.77,-317.55,-762.44,648.73,984.44,-825.80,265.91,-371.54,573.14,-941.58,596.78
-768.33,686.39,-68.30,-359.50,210.53,-785.12,-190.05,-717.83,-432.58,953.70,-534.79,-547.66,-51.34,-996.40,-601.95,-895.84,-666.97,473.73,-351.04,832.28
286.43,265.48,-674.79,937.48,237.96,909.18,-511.01,295.85,359.04,-346.29,817.19,-23.74,-922.71,166.35,-570.89,-33.01,419.81,-937.74,78.23,744.85
387.60,-179.28,591.08,346.21,414.67,587.24,-547.63,815.12,-757.32,806.25,536.28,759.61,-494.53,153.94,-128.50,107.93,210.50,498.16,-897.11,-325.13
-735.48,862.88,612.49,-359.18,-543.19,679.01,-777.44,-976.99,346.92,389.07,-778.77,-193.71,-192.54,-759.14,100.81,63.79,-798.87,-34.60,-488.17,-998.45
-721.90,97.13,-562.53,-722.85,-227.57,-347.97,582.75,214.53,-939.18,-399.39,-937.69,697.86,878.54,-182.80,106.39,672.14,288.65,479.97,883.24,-424.50
-153.43,-116.74,-961.55,-743.97,953.81,-359.51,-551.06,-421.51,853.78,-352.12,666.58,-823.61,-912.59,-477.73,986.14,-103.35,-386.67,-279.33,-400.02,833.83
400.54,961.54,-681.39,432.79,978.56,886.08,-225.87,674.10,69.61,-264.35,696.47,-361.42,-307.23,919.43,642.91,405.06,771.28,-120.51,-681.63,-12.67
928.01,58.71,346.34,490.14,732.05,-190.50,-646.77,940.29,-512.38,-978.02,746.38,-851.30,588.90,567.04,-605.19,-654.47,392.73,767.20,-781.39,510.28
891.58,594.92,715.44,-33.24,-305.16,149.83,652.57,-35.01,705.18,641.16,317.04,-931.83,790.78,936.44,-365.86,760.42,-79.22,-961.36,985.35,449.45
-466.29,-338.43,-557.19,769.61,-938.89,-479.68,-203.78,349.10,620.57,117.45,640.99,-488.87,-104.55,-679.51,126.15,978.24,-580.22,330.70,-874.74,708.03
150.56,-213.47,239.46,613.66,-818.08,-433.00,232.07,-147.01,-716.58,-878.16,-293.44,206.30,194.11,697.73,-413.08,-602.98,586.35,-226.65,613.91,941.50
-625.79,-91.47,-644.04,-806.55,232.51,-469.13,333.26,482.04,-273.56,271.75,-853.74,-806.64,-954.61,135.24,-325.42,-616.15,106.21,-216.37,505.23,-251.24
943.49,400.37,377.90,-290.72,29.06,-564.36,-679.62,-487.54,354.49,-13.20,-110.28,518.48,-838.84,713.20,132.28,563.20,-89.27,530.62,-442.06,566.28
19.65,780.37,243.19,-707.12,668.68,355.77,-96.80,130.22,532.29,238.77,881.41,-991.26,-791.32,-248.60,102.05,-883.66,115.87,-141.45,-506.26,-297.62
-991.87,-264.86,-610.91,802.48,-527.06,953.59,829.38,-441.94,199.20,-85.38,-191.30,-671.19,-994.56,3.99,-821.31,557.00,-679.70,298.99,645.33,810.87
-505.64,-990.86,611.40,-534.89,951.71,-316.75,248.25,-219.18,-486.55,-712.35,287.48,165.55,-355.14,777.52,539.29,764.13,-507.10,829.19,19.12,-609.98
-541.52,849.82,199.43,445.18,323.42,-376.97,234.96,-720.84,-497.44,-15.79,919.53,-374.56,-200.62,-976.07,-823.83,428.85,373.30,-480.05,-532.84,860.02
162.96,-494.20,121.85,31.57,882.86,523.88,898.43,-875.17,-750.06,-782.95,-396.81,-44.05,-813.00,320.07,974.74,-166.68,-291.01,-928.99,-846.54,54.07
421.84,195.69,939.59,508.28,-466.22,828.75,-647.60,-611.57,973.26,-347.20,-952.94,-529.90,497.65,-581.94,-642.78,-554.85,13.21,-531.76,-104.42,-35.86
24.70,-234.16,-206.75,-103.48,83.51,268.34,-693.60,959.02,-524.39,-388.69,-520.07,-532.06,874.25,407.21,626.77,-682.84,135.98,-581.51,524.92,-251.48
912.44,523.66,-988.53,286.74,-164.12,-136.04,-896.00,165.87,687.50,-812.65,-114.44,181.08,-780.93,823.23,913.97,108.92,851.49,670.84,898.02,537.21
-989.19,234.66,-776.17,-685.58,851.43,618.50,867.99,-716.61,23.06,-658.46,-562.09,-869.16,-435.17,509.22,368.34,512.00,-880.94,-161.58,-17.29,-410.44
270.90,889.92,904.07,634.27,-698.39,-898.59,-869.24,63.06,-369.62,-824.25,222.87,-360.24,-960.10,-273.96,-525.48,665.28,931.98,389.70,-655.33,-372.27
332.29,-408.03,70.45,-227.69,726.76,-484.02,-957.65,674.77,-529.78,-432.69,-58.68,-175.65,-264.48,-407.69,-400.77,-650.73,368.52,100.95,-300.64,-557.92
152.41,351.81,390.86,-843.84,-635.70,501.53,-486.22,887.26,96.44,475.15,854.59,-866.52,943.34,553.20,636.37,235.09,-186.12,237.53,-228.34,-416.85
745.85,-897.97,-748.39,-69.04,481.60,345.81,398.95,-59.75,-592.54,-495.19,-134.82,-379.98,-711.92,-467.97,376.23,-429.19,903.80,183.59,416.67,238.31
601.97,732.71,-694.20,-956.51,183.67,-453.32,-244.39,209.31,845.76,-445.22,-318.19,-905.02,-730.46,-856.75,720.97,126.40,34.45,-473.67,-599.43,-94.25
833.57,-883.74,-158.51,-781.17,613.88,441.59,-585.92,286.37,930.67,-627.33,705.37,572.67,-545.69,84.98,-588.82,287.38,-729.46,876.42,-428.98,776.80
450.31,164.54,-780.86,548.90,891.53,20.63,954.33,570.38,935.83,-490.29,-316.19,586.49,899.51,963.29,-596.74,-528.83,-781.55,833.44,-712.24,838.18
758.33,999.78,-952.63,702.88,873.01,934.53,-766.75,365.31,-583.13,-334.01,-390.92,720.84,438.76,887.66,-686.19,-199.48,620.89,-463.31,-240.03,995.96
681.81,22.11,-178.40,-924.57,-75.06,-954.69,814.84,-329.53,-900.73,58.84,-782.48,806.53,-468.86,-523.23,527.00,536.92,332.35,-138.21,-327.89,-542.94
371.40,-245.59,-192.37,-906.69,595.21,21.81,334.28,-302.88,-254.99,-952.74,-383.20,872.71,-744.51,-675.79,133.85,-220.33,284.78,-776.54,594.35,-908.66
628.75,-315.47,536.93,691.79,-763.01,-486.12,978.88,328.99,-384.22,586.52,174.64,-93.09,-425.73,-208.06,746.10,-358.45,-458.74,-278.68,927.91,637.07
-931.87,470.99,653.78,-96.13,-500.54,697.28,-947.53,189.81,473.37,-432.75,542.52,51.38,865.35,-750.87,-477.81,158.76,477.64,-850.20,-107.25,-656.03
394.77,-316.97,631.87,107.85,349.88,-820.11,-402.23,-969.29,289.70,-424.61,684.32,792.34,-788.75,-565.07,14.83,927.35,958.52,967.33,-910.02,-262.33
939.54,-626.40,-987.18,-111.19,362.54,-319.26,788.97,-507.55,670.43,403.52,-89.87,936.39,-68.39,-609.32,-944.35,915.83,-339.95,56.27,-850.80,866.69
529.20,-875.09,-185.74,-398.90,507.09,-583.64,582.54,-915.60,928.59,76.95,42.34,-383.05,-18.28,5.75,95.23,690.15,-186.45,282.83,816.71,440.65
358.43,233.31,363.61,-866.56,554.11,573.84,-496.72,-639.72,918.96,-141.12,476.03,707.97,-448.48,817.81,329.39,361.41,221.02,938.16,-299.30,-1.85
-24.45,672.86,-496.10,-172.80,-245.50,-509.66,19.46,-242.93,558.78,-275.32,-583.61,946.58,47.38,874.02,-673.92,783.61,-840.73,15.96,-958.67,599.28
-631.88,423.23,-392.72,-38.98,261.01,925.28,-216.90,56.37,-968.41,166.77,368.28,122.35,-169.10,68.03,-850.59,322.50,-104.25,-139.05,-38.90,336.25
-178.22,-52.86,-567.27,-470.53,422.67,291.22,-250.17,-297.47,-457.55,625.04,-771.31,-464.41,483.43,-260.18,316.50,877.29,791.16,-923.31,-20.93,-910.51
-862.29,-190.51,-218.22,-97.25,-554.07,-209.54,317.24,792.04,-611.71,-500.81,82.03,-367.23,-970.32,-352.78,-714.32,154.48,167.40,-315.98,320.89,40.66
-811.95,755.57,77.81,-371.62,818.28,980.67,-785.93,101.74,936.51,-937.54,-947.29,510.62,703.44,187.90,407.48,-373.93,372.71,311.72,-449.37,-126.76
-364.69,415.38,7.03,-769.01,306.55,781.16,-424.94,-187.11,-282.44,460.54,-520.12,-139.31,-490.62,-58.00,108.94,655.70,822.77,-943.59,-624.07,404.49
-415.91,206.13,783.08,872.68,-889.26,-693.99,-541.95,183.82,83.93,974.98,-79.33,-869.56,-656.98,-121.92,664.93,-521.72,104.71,17.46,463.28,-507.77
-144.70,916.42,305.51,843.90,993.80,-849.71,-616.99,451.42,-826.60,726.85,317.59,-30.90,-925.54,-162.40,837.36,531.07,-524.26,468.06,-278.63,909.62
-477.74,716.48,593.37,989.34,40.34,500.86,-571.23,670.23,961.69,252.35,-467.27,-392.20,-675.51,-909.65,296.42,400.27,618.17,-32.73,844.36,-681.97
-547.75,341.28,-722.19,86.55,-217.38,-475.91,-975.46,-987.27,561.73,704.70,967.01,-428.80,-216.13,-937.09,383.67,-806.00,205.76,501.25,-386.45,-672.00
-469.05,-562.28,952.26,-325.33,726.82,-88.21,32.10,-353.03,941.96,550.25,922.54,648.56,-53.95,329.60,56.45,-76.11,-60.75,686.72,-558.27,723.92
-923.71,-572.36,309.21,538.51,516.92,-509.75,-811.31,-972.26,508.69,819.90,816.33,364.86,358.42,482.65,-950.56,-434.52,939.03,-595.20,-425.83,592.26
-748.12,797.56,-244.21,408.42,-812.28,898.01,-499.45,-858.19,-944.65,-69.50,295.06,771.12,-263.79,-677.90,613.24,748.30,824.10,-986.48,311.70,279.51
-531.18,-924.33,740.42,384.50,807.82,387.47,661.48,221.39,-72.63,-494.02,-790.38,136.29,-112.84,-354.87,-525.93,-766.74,-648.32,368.67,-911.44,-872.63
276.39,478.23,-152.42,-561.01,-484.30,177.81,190.48,213.37,-346.16,202.03,612.33,-624.88,436.13,700.50,-902.59,-498.34,-318.67,241.30,299.45,631.22
-336.67,467.30,188.17,838.98,33.78,-496.25,-393.07,-912.89,257.78,-911.29,994.03,50.03,135.49,-743.60,-580.41,631.36,-486.78,936.70,-677.72,-25.42
520.79,847.79,-61.74,-286.70,82.96,597.91,-783.25,-556.34,-618.05,516.93,846.47,-271.94,-258.32,-542.93,481.19,378.25,611.27,-440.53,-948.78,-317.93
-821.91,321.11,-157.93,163.17,-653.35,456.02,-928.88,138.67,589.86,136.41,-227.78,428.35,737.78,618.66,45.07,-98.06,926.73,-719.03,798.37,-635.03
-759.08,-358.28,658.52,369.52,-181.44,492.84,-516.03,332.37,702.17,448.16,-796.23,6.36,266.27,-499.37,-423.50,-643.93,857.67,823.07,93.21,-932.78
-573.18,-20.52,119.56,-856.68,226.92,-318.84,-564.06,437.76,-907.43,85.98,-892.42,-187.73,-85.37,-140.82,-71.21,436.40,946.92,973.02,-910.89,-599.68
-354.19,18.79,714.83,949.10,216.93,544.53,-962.70,-105.75,588.54,437.27,-358.79,894.48,912.19,-502.96,166.28,-623.13,-215.58,111.88,372.40,-731.19
-498.71,-462.16,446.76,-765.52,-803.86,572.27,211.83,466.77,861.49,30.36,554.49,748.03,378.72,-62.53,815.29,-654.17,-879.86,-725.13,-571.47,977.41
-486.75,-875.22,242.35,835.21,954.52,-71.41,43.57,237.15,124.61,837.03,337.34,-391.17,196.56,752.65,-73.74,-558.10,-91.24,981.53,-959.05,696.31
-900.25,-367.78,-796.93,-257.19,-173.54,24.18,939.72,192.90,858.74,-246.71,50.29,802.72,131.81,-13.25,-954.13,750.87,170.10,-149.83,-981.87,883.61
918.74,-306.00,469.59,599.98,569.85,346.12,-948.93,-589.18,-130.83,-604.24,-657.08,-835.87,576.43,15.80,901.06,188.97,708.12,278.62,-331.64,960.45
384.50,461.18,261.78,-316.42,-914.13,703.85,-46.99,111.19,627.31,-688.54,537.01,-867.15,223.48,-222.66,639.74,748.46,440.68,-696.47,71.05,-687.23
494.37,832.10,581.50,-568.83,-447.08,936.32,-341.20,480.58,-607.98,-671.97,632.57,657.35,-775.23,-768.29,-230.59,93.70,708.63,703.78,400.73,787.16
266.30,-573.82,-593.50,909.63,413.10,-292.88,-174.92,688.79,593.17,387.98,928.67,193.77,360.40,-780.56,-427.24,138.92,848.66,-1.36,-11.41,-201.11
800.84,-27.64,-594.62,-872.18,-420.33,-659.19,143.38,-389.17,279.69,412.55,-847.83,-215.66,-614.69,-598.83,-270.13,-425.90,484.94,-225.02,-23.60,-173.75
761.09,-224.54,-159.34,136.69,928.66,212.64,264.04,-899.75,-681.42,-85.79,-795.56,579.10,349.24,831.63,53.65,-59.76,-702.67,956.05,-853.93,957.94
890.95,844.59,-142.47,-219.40,-332.89,100.41,834.72,844.70,-999.74,399.17,-202.86,98.61,333.56,313.88,587.95,78.02,936.64,-348.60,-405.68,-527.87
-591.19,-433.76,84.91,-325.54,856.53,-602.93,352.40,768.40,409.69,136.22,-325.38,-463.18,704.29,683.51,-253.91,294.00,469.48,-572.79,-817.37,-750.11
-177.81,347.27,361.40,-185.11,203.32,-83.37,210.25,-423.76,991.92,927.90,-626.83,898.91,353.95,-254.65,198.96,85.70,-886.85,492.62,-843.97,465.44
37.19,-141.25,-463.75,-605.31,472.77,-45.93,-465.49,766.83,-299.55,-793.64,-858.84,-266.16,-168.48,142.47,-782.26,337.12,769.23,-953.89,-574.81,719.62
89.35,116.35,-100.49,-370.36,45.91,-356.09,-811.02,493.03,407.09,-777.20,-804.49,-727.45,-430.80,-127.91,120.82,-385.56,-257.97,790.78,213.00,448.51
51.44,-956.56,-992.50,127.01,-686.40,-693.38,92.04,711.88,765.15,-524.53,-518.28,-312.07,726.60,-995.08,879.72,-850.70,377.19,-571.90,927.24,-247.73
-679.35,-101.88,-643.54,567.72,-964.25,-741.76,-478.61,-506.17,-168.20,-815.24,794.09,879.37,-390.27,34.99,-521.07,836.61,684.96,767.15,479.44,-575.56
-304.52,-630.56,-603.11,-778.12,-450.58,-173.48,-772.67,-493.51,468.45,-725.11,-431.41,-106.19,913.33,375.10,388.31,113.33,188.85,621.34,-277.32,-222.67
-488.39,27.73,569.70,-558.55,280.10,355.90,-288.80,782.27,-200.03,512.59,-891.40,34.29,670.65,418.66,797.31,-354.89,-53.67,-380.28,731.65,-607.10
311.49,-649.47,-96.04,-308.25,-895.79,561.05,-708.99,-250.09,-265.63,166.73,12.69,-763.43,44.44,353.56,-712.17,551.52,699.94,-111.15,-919.47,-187.70
256.05,789.15,550.72,161.66,705.01,737.58,-27.98,357.86,412.16,-962.79,-526.20,350.87,-918.42,-888.46,683.65,598.56,883.28,-998.91,-93.58,-863.85
-597.37,-799.61,-773.05,-669.06,449.62,-679.85,-430.17,264.85,-463.07,727.59,639.72,-433.25,-489.99,642.29,-61.98,519.45,-357.33,510.94,-905.97,-183.23
-655.89,-191.16,772.77,642.76,328.32,-951.56,-368.17,-117.56,466.99,-329.83,-150.99,247.11,-780.45,799.72,-616.70,-595.63,-730.83,984.70,-580.09,990.03
199.84,152.62,-703.82,314.93,86.01,536.06,262.55,-582.84,844.94,-537.93,999.38,853.79,834.86,41.30,685.94,227.21,597.88,657.87,-450.94,122.00
-568.44,722.09,-764.37,-911.03,-158.72,485.76,899.95,-850.00,922.29,808.10,472.18,-743.69,810.78,254.34,126.45,416.11,313.69,-975.51,10.58,379.13
732.96,762.16,361.65,401.85,274.15,-216.87,-571.35,-815.92,175.31,-514.80,97.12,375.05,-442.29,-801.90,-604.61,-120.98,613.62,510.68,362.03,-356.05
-218.97,-267.12,638.62,-874.67,299.18,901.15,3.17,495.36,-391.67,-343.84,207.85,-431.64,-529.12,-851.43,-957.67,-599.79,165.93,-872.79,-860.67,-399.27
-762.64,-504.22,26.76,709.73,600.80,-964.04,-392.91,130.76,-721.75,-929.61,736.12,760.17,859.08,220.69,410.54,554.91,12.31,-988.40,-977.59,873.42
632.55,522.22,776.51,825.69,-91.39,558.53,94.16,444.87,-525.44,-931.92,-761.37,776.06,-720.07,916.01,942.07,366.82,-47.35,620.28,219.12,833.03
-725.99,513.68,-101.45,-818.73,313.91,12.50,-413.44,364.02,209.34,989.05,589.52,929.67,65.22,129.78,-697.87,123.19,562.07,904.20,854.52,-281.46
-263.71,-61.62,245.26,-643.90,-869.44,-681.51,623.81,-449.62,510.16,-670.36,-660.20,198.07,335.43,503.72,355.76,899.37,951.93,-755.16,921.39,-701.72
51.20,-535.92,31.37,-982.27,164.44,-135.35,-185.05,-443.93,240.06,817.74,-838.71,554.79,9.80,-0.69,-261.80,784.05,486.46,199.48,-687.01,303.66
892.31,-178.49,151.29,-216.34,531.29,-177.62,690.32,-249.78,21.32,508.65,561.27,-223.22,-571.05,808.67,802.85,718.63,21.50,331.10,-729.45,-383.91
-220.44,-245.26,-477.51,976.14,738.84,-37.01,-750.42,117.13,-961.26,-307.73,442.22,516.53,-980.09,-509.21,481.88,136.26,-26.05,-154.33,-700.69,214.08
-219.72,-493.95,814.12,493.17,965.84,-266.22,800.24,-221.11,-952.68,881.71,-282.16,-306.72,796.34,-134.39,898.17,251.57,-954.72,185.40,-79.09,5.26
-830.52,-0.28,553.60,-730.45,601.69,393.32,-886.20,-78.33,-800.06,860.35,545.20,785.21,-217.67,294.40,610.56,695.99,150.50,774.27,354.15,802.89
-486.76,716.55,-967.89,159.37,514.63,833.90,567.92,964.48,243.00,164.49,759.99,245.60,-767.96,-99.79,-285.70,-39.77,-18.37,-208.99,353.06,342.07
621.51,-133.65,-32.80,-249.91,523.62,-365.14,475.69,-665.90,-788.50,-286.88,-406.07,-486.37,-986.03,723.19,560.37,936.82,-925.53,-103.91,-43.14,672.54
-597.56,750.51,379.97,51.18,-437.63,151.84,-476.18,137.96,748.67,-735.57,-115.88,229.63,756.26,-376.66,-652.90,399.69,-794.86,-880.92,-172.28,-963.34
-552.33,-160.07,357.71,-560.84,-116.08,-740.14,540.55,77.36,-370.09,-693.88,767.76,117.64,778.45,179.21,-670.64,782.89,-210.00,847.74,-34.90,543.30
-824.14,-630.83,279.12,-490.26,-361.20,531.60,961.35,-829.83,344.37,703.53,795.90,-61.75,885.80,-981.35,499.75,770.71,149.27,-721.32,-336.71,-216.09
-605.99,-623.86,789.35,-544.13,207.73,-261.00,507.45,179.16,-677.99,-214.46,-415.69,911.01,-749.67,-702.37,705.29,290.65,-998.10,-481.31,442.06,955.02
-729.74,148.33,-522.59,431.59,73.95,594.34,-125.48,-467.25,-720.31,648.05,-127.51,-52.33,50.63,939.03,-790.25,225.46,-727.74,210.58,83.48,-274.16
505.08,600.14,337.01,544.34,98.35,418.91,399.89,-357.56,-245.87,-865.46,106.28,-48.74,-285.27,808.21,186.25,-153.67,-265.30,659.99,-390.77,-633.03
-361.56,-883.28,-603.85,541.08,-535.20,519.63,-922.38,-382.52,-30.39,-186.74,-175.57,246.00,664.64,27.50,-211.80,-502.21,637.08,-905.57,497.89,229.85
724.54,-513.68,-332.13,-338.37,-598.49,-957.46,74.59,656.39,-500.22,-847.37,783.32,486.06,300.31,490.04,-482.29,910.44,-964.80,-812.53,709.94,777.54
-529.45,-470.14,469.50,217.67,956.21,-283.49,267.95,-91.75,-29.08,-661.03,-261.06,-490.93,-128.15,565.58,-901.30,-707.58,227.84,48.76,-869.70,604.92
-159.73,975.54,792.96,729.56,966.79,612.74,308.72,168.50,-196.72,878.79,541.89,-202.97,862.99,935.37,-918.64,914.21,574.75,-662.02,-724.45,400.39
-403.49,856.17,-389.88,-732.74,683.72,155.78,654.06,-510.34,-797.28,-712.25,263.93,-402.00,282.91,-555.36,876.09,797.56,-785.32,499.53,836.24,-646.73
452.77,462.40,-886.53,94.91,-759.42,-583.73,-3.01,-603.97,-304.03,382.18,-407.08,-752.22,-875.04,330.57,133.99,-362.29,-486.93,723.08,-628.48,-625.95
641.51,-433.50,606.78,600.11,-227.56,889.64,536.76,895.48,-275.93,789.30,675.29,-281.66,204.75,-50.60,-473.72,-820.03,819.51,68.75,532.79,-900.59
-902.67,830.08,747.66,-751.41,253.23,-483.56,460.61,709.78,64.78,702.75,-513.80,-726.88,-961.57,-879.04,814.63,-300.92,400.32,825.62,-45.24,514.42
740.83,274.39,-33.54,-598.20,-72.10,181.87,879.26,537.88,-1.77,510.01,-186.32,-23.52,297.88,852.82,-533.39,-548.29,819.03,892.94,-696.53,-545.31
-618.31,772.28,-497.78,-136.88,-921.61,-840.12,405.60,-589.72,595.98,-286.37,171.29,953.53,472.63,75.46,-374.13,637.87,-171.35,-440.20,18.59,-783.45
-262.36,-24.34,419.87,745.52,966.71,34.49,31.41,-962.75,63.30,599.24,25.97,818.44,968.60,323.27,-297.86,-663.07,509.75,182.86,-244.51,-798.93
612.32,-738.39,-271.89,-726.24,106.77,467.62,-756.07,519.95,-91.97,265.89,724.36,540.65,-195.43,-20.60,667.44,335.32,194.69,-940.46,-155.94,661.20
717.47,-710.90,602.61,429.03,-390.15,430.18,-258.82,733.52,-262.21,-703.69,-774.36,880.29,13.16,740.38,-89.30,-72.98,234.93,741.36,-951.62,-910.75
-549.24,-245.44,396.92,-514.59,186.45,-699.75,397.49,-252.57,-294.96,-465.69,875.91,94.91,907.35,222.31,-581.59,221.21,-669.53,-205.80,593.88,773.50
-942.63,503.66,859.88,-607.71,899.48,-969.45,-219.12,-2.64,805.76,-220.13,-772.34,497.22,400.36,194.32,519.96,174.14,-111.56,202.66,847.43,-69.89
-69.82,191.61,-101.96,114.76,-857.73,950.55,816.89,976.57,23.71,454.08,-487.93,220.15,408.82,-894.53,991.97,-467.28,-99.12,-585.95,907.24,653.45
-941.64,390.88,132.17,895.28,-946.04,-818.93,343.56,369.43,-541.64,-353.88,-755.89,-879.65,-583.15,-239.84,-698.13,959.64,-665.21,-477.17,5.24,56.73
-709.09,651.97,95.52,864.10,-31.44,790.74,-85.86,-824.23,-675.96,-448.25,-564.98,-327.29,-19.84,-426.80,-418.50,-376.08,-9.14,101.70,-870.30,41.76
-25.31,-348.18,176.50,-191.61,-295.02,-619.16,-117.74,513.10,-885.07,-396.35,287.47,-962.78,293.38,-963.41,3.01,-181.33,-589.04,493.89,548.18,153.07
-927.02,809.65,-675.67,166.26,173.07,-230.43,934.94,896.59,-36.29,198.05,461.05,981.04,449.74,-385.10,447.05,-286.25,-378.86,-630.11,699.81,-920.27
467.35,141.13,-825.89,161.95,-471.68,-273.98,392.49,-106.63,292.26,-446.18,-101.19,272.03,-887.38,-966.09,428.96,831.16,875.87,576.44,-401.95,433.11
-942.33,-214.38,631.88,-945.76,-266.90,654.26,666.53,730.38,675.42,-53.76,329.80,-558.95,156.23,-816.92,818.25,828.60,823.41,-467.29,-964.77,-981.17
-753.56,-932.23,-269.22,173.37,-617.23,1.47,311.51,920.88,182.87,462.56,40.94,892.32,673.81,-776.51,919.48,-149.63,154.28,-196.12,743.36,587.32
-416.55,-815.48,124.78,-85.95,-203.56,480.90,146.67,995.76,-168.90,-327.46,931.62,737.61,-259.51,372.10,-283.09,563.79,356.80,-619.56,915.91,897.28
-932.95,712.71,454.25,-81.98,-837.80,157.71,-15.69,-222.41,-602.82,-225.73,253.99,-69.62,368.70,464.60,173.77,328.89,-177.87,-235.53,-603.38,257.01
-552.72,-619.43,65.28,76.98,-747.46,542.07,203.94,525.31,235.64,288.13,590.09,233.97,-759.36,-898.89,445.40,-844.19,287.63,618.66,-49.20,175.55
-845.55,-272.39,452.86,-873.88,202.29,-744.20,228.84,32.26,-188.47,281.82,519.67,-834.46,512.07,190.22,-201.24,-526.24,-495.72,966.01,702.08,-960.52
-444.96,639.17,-603.75,-371.90,794.38,-845.89,-912.59,95.98,-325.71,-265.39,187.11,-874.05,714.40,-117.24,934.90,-626.32,-319.55,-638.62,307.06,-239.68
-208.06,-992.81,182.16,-678.71,250.82,-411.77,813.87,-905.91,-984.73,-411.56,-659.19,449.29,547.25,434.83,-807.03,-783.00,-880.25,-21.96,-770.59,576.79
-659.34,602.38,83.14,-813.82,373.15,-996.59,175.95,-260.53,50.05,-632.11,439.86,506.44,-75.46,-228.85,-738.47,-503.28,826.94,472.62,344.67,-299.46
573.78,709.62,-744.25,280.86,-190.07,-18.21,722.81,915.27,-344.96,650.67,482.12,-596.00,263.81,-12.84,-765.60,-111.21,-134.64,639.42,-462.03,492.72
-742.75,945.82,-584.07,318.42,-48.24,407.15,-827.85,-636.29,-577.46,-966.35,-872.36,224.43,836.85,546.89,-729.50,229.36,-637.05,-20.31,690.11,65.78
493.27,403.96,983.61,-651.88,33.50,557.16,-491.35,-96.96,-135.88,988.87,928.48,129.44,397.21,-319.15,223.65,-667.47,-811.08,-5.14,-954.47,544.59
-513.82,-868.81,-981.32,-911.37,-173.15,-411.72,-128.29,280.38,261.44,-101.33,654.43,-49.30,238.23,904.99,924.33,750.84,-555.03,237.64,174.95,484.65
31.55,303.44,244.79,-618.67,-803.43,211.67,777.34,-521.70,-688.81,769.32,619.19,969.45,-30.70,773.65,554.24,331.76,353.37,530.78,-453.72,178.55
598.18,733.03,856.01,-402.95,950.73,329.42,-752.18,433.68,778.40,635.28,740.28,693.02,69.60,828.29,-292.46,287.43,493.89,-770.35,816.35,657.34
277.21,571.20,767.18,652.95,-395.90,-451.74,599.26,-337.23,-113.22,439.56,170.84,-604.72,-238.47,-609.14,891.59,723.03,296.42,-941.46,588.46,968.78
-631.97,-719.64,981.95,-134.42,-883.87,-559.68,-206.37,16.13,168.28,-920.32,136.34,-694.75,216.74,-179.69,-944.90,177.86,307.74,-889.79,972.12,-256.70
351.18,-993.58,-326.36,-161.50,325.94,741.78,817.17,33.94,878.69,919.15,418.02,-463.84,-717.18,260.72,-158.57,-50.83,120.13,139.65,-459.45,858.47
-32.36,559.28,-144.95,-495.56,376.10,486.67,91.69,-70.03,17.96,213.38,559.48,-343.64,-177.34,-349.26,553.20,250.17,-18.31,-99.88,150.72,-271.23
685.27,933.16,-996.97,723.80,568.44,-265.10,-650.30,597.49,-227.19,-647.52,253.99,373.44,452.73,-38.32,604.39,-635.58,-189.01,-55.39,-767.18,-518.58
-21.41,879.43,745.63,570.31,-523.29,256.64,289.83,-379.47,15.02,-470.03,330.24,-674.04,629.59,-784.94,767.11,-500.37,-667.95,-407.69,-375.98,-80.72
35.18,-748.75,-334.48,-315.48,633.24,-24.00,-645.03,-499.86,-503.61,-386.47,-950.33,-121.40,953.90,-393.98,-274.15,-566.18,-208.07,-730.52,-295.64,365.97
-215.63,746.83,-51.82,-267.96,6.03,475.25,-504.90,-319.74,974.14,-97.77,369.21,-91.76,110.04,425.51,273.46,193.86,-907.43,51.01,381.10,877.60
370.66,-107.68,-39.23,334.77,-404.95,-725.43,-112.19,-497.94,-277.15,898.05,573.76,481.38,-569.76,-120.56,-61.69,917.05,-689.11,-37.89,621.96,-515.32
-720.45,138.30,-890.90,-622.99,-956.10,-801.38,-916.06,9.53,-660.90,410.93,-972.10,35.43,-509.48,860.63,-937.34,359.12,960.22,733.65,370.02,-173.65
-771.89,-171.33,-135.30,-313.92,157.92,-235.45,295.82,-657.45,366.49,-299.46,-705.73,256.13,364.17,879.13,-68.87,-841.93,667.72,-572.23,721.59,977.07
52.95,-445.79,770.52,-798.08,816.38,-924.30,-588.31,-585.39,381.23,-53.71,-128.37,-260.57,690.21,-192.23,244.48,-987.43,168.15,723.36,-452.89,154.67
135.25,-148.04,-358.51,-765.80,510.33,594.69,521.60,681.38,-62.75,-907.18,-368.43,497.23,-393.85,-531.39,-297.83,-649.29,-843.63,330.38,-53.46,-812.85
-848.80,135.86,739.00,-867.62,626.41,-571.71,468.56,742.74,-917.45,750.34,429.13,-682.12,765.90,762.52,417.91,123.71,-410.31,-723.15,519.42,851.34
-438.07,711.85,609.30,832.51,-632.67,242.75,650.99,15.64,765.77,-323.68,61.90,438.73,-446.43,159.05,-130.60,-576.30,-798.85,-357.91,93.36,-717.93
-685.42,410.58,-503.95,90.56,371.21,208.62,893.22,991.54,-455.37,-279.03,-320.18,774.42,428.18,432.68,593.17,223.26,-804.75,-346.73,-754.99,724.04
-564.03,969.68,-307.77,616.02,-956.78,-481.74,-801.11,764.55,-325.28,290.33,890.12,169.65,444.93,100.40,379.27,533.66,631.75,-736.96,324.27,305.11
279.90,679.51,-611.10,151.22,30.74,-63.21,614.79,512.55,-823.04,787.08,-28.40,-472.55,666.48,-23.96,-152.17,-18.16,-114.28,-293.17,587.64,-83.85
-221.95,635.43,2.23,83.19,-750.60,860.62,-745.30,946.46,810.46,79.70,-896.32,304.56,-455.70,-280.83,-572.42,-272.63,611.85,669.90,91.76,787.70
-684.66,476.63,-132.77,-280.60,47.11,-695.38,-412.15,366.87,-748.09,78.52,-697.49,660.31,75.67,-942.55,688.78,903.64,-752.41,102.26,20.25,735.22
259.19,-41.93,773.11,-982.88,675.28,-390.84,-311.39,34.00,-446.53,66.12,226.55,588.92,-409.26,328.95,-24.10,339.21,-645.06,780.36,-237.90,-10.04
17.33,468.41,808.85,730.53,-68.84,277.33,121.21,380.15,608.40,493.38,833.15,509.88,21.54,-645.25,915.34,-967.08,552.27,233.51,-815.45,-225.45
664.95,-409.59,-60.49,76.27,-449.10,741.36,-870.94,652.28,757.47,-683.82,207.53,715.73,-244.99,937.14,27.95,-944.83,-767.28,-387.33,-534.48,-443.16
-533.12,-665.48,277.35,523.34,-565.03,-830.93,-11.64,-575.35,-329.47,-432.97,148.53,388.56,316.06,786.02,-884.07,642.34,35.33,390.23,-557.20,966.45
-672.81,178.61,769.45,93.14,29.08,661.92,361.39,576.93,405.28,539.47,396.21,-495.88,659.46,-26.88,296.00,-346.06,373.16,-994.40,238.30,279.92
226.15,334.67,805.06,110.20,-182.11,964.68,-565.56,-314.85,-747.16,71.90,182.89,784.05,-660.58,27.43,874.35,-397.31,-236.21,944.99,466.66,964.58
275.92,-336.94,53.97,956.33,-667.72,686.14,-592.65,-151.43,778.86,909.52,331.18,-679.87,-916.50,-978.76,-583.40,735.94,904.29,-76.36,101.19,-704.34
-166.58,909.85,880.28,455.47,719.54,-647.36,46.92,-672.30,-495.77,948.80,-851.99,345.10,145.57,-388.43,-167.84,-357.93,-762.75,-216.43,670.09,-676.22
-640.52,-967.29,61.58,843.71,-5.87,-874.15,482.41,859.25,854.58,-319.62,348.48,-156.82,205.39,-234.88,-880.35,-163.34,-321.99,-919.71,-117.39,-59.45
-238.30,390.54,827.14,-289.89,-495.52,160.55,954.11,-229.63,-99.07,-186.48,931.07,732.15,-401.65,-716.12,-440.14,688.07,68.83,-426.51,-723.58,593.08
554.43,-927.41,-549.91,-80.93,-575.21,697.60,517.16,-496.53,-27.64,708.05,-429.43,226.86,-900.23,783.36,-41.14,904.81,-852.09,377.71,331.31,618.13
658.14,753.35,998.90,-218.82,769.85,-994.81,-485.85,-991.12,584.16,467.91,261.55,167.70,-706.32,697.54,-740.03,-523.91,-236.65,-154.04,-524.12,926.37
220.68,-802.31,634.12,500.06,586.26,-604.72,-171.58,139.33,233.65,428.58,565.60,-143.55,423.79,-246.44,878.73,581.48,42.09,-527.04,-822.76,321.33
-929.58,-47.71,-381.58,-647.66,108.77,-251.61,237.68,274.87,-108.99,-944.92,-735.40,-415.60,429.15,370.40,429.58,-298.11,337.40,477.79,642.42,696.27
-505.59,606.76,858.75,-140.64,999.51,951.65,835.78,-99.46,512.40,67.18,-326.69,-644.65,89.75,-271.41,42.61,702.69,-630.31,710.52,-252.00,318.78
-582.95,-994.03,-230.93,75.98,358.26,161.71,83.94,-254.58,-184.32,-276.80,-739.38,-450.04,-394.61,-199.74,636.50,355.71,-144.42,-417.89,-964.09,-809.25
-680.88,-447.09,-204.81,-668.35,189.37,-573.59,265.28,633.53,-306.34,972.14,-43.27,-292.07,-310.71,-507.13,-789.40,-74.46,178.91,911.84,956.65,242.32
-549.27,-904.10,-700.92,108.30,-895.43,-292.46,-464.84,-427.26,343.67,-347.17,-365.47,-11.88,512.60,56.97,-612.77,775.76,-502.09,-737.68,735.63,59.24
-267.64,656.81,932.46,-394.94,-720.85,-167.96,996.27,384.72,-324.07,-765.41,-340.08,773.09,912.47,-827.45,-521.44,-188.02,337.39,607.09,214.93,-484.30
223.85,513.00,729.55,-103.69,739.57,923.61,9.53,-481.90,-260.27,273.18,985.91,-396.71,-84.92,-197.97,619.57,-119.00,985.23,940.68,-670.17,493.97
-663.68,-771.54,187.50,158.08,-759.33,334.43,133.84,271.06,-722.03,820.01,256.82,43.97,-986.71,218.84,642.53,112.93,-950.83,-140.87,-229.52,-551.52
-676.42,297.84,-391.35,-712.01,-491.98,567.72,-805.36,242.30,317.91,-686.14,-82.39,829.88,-563.73,-172.16,-660.49,77.52,-594.50,469.37,-647.08,790.03
-729.70,570.25,146.70,863.02,-812.27,-444.21,16.98,-839.52,673.94,-969.17,863.99,-747.48,687.89,-284.08,-70.86,106.71,16.85,-238.76,-645.28,-148.95
355.88,64.28,241.72,-565.52,-417.20,302.47,-418.47,962.66,-262.25,449.11,329.02,952.67,-89.25,39.01,944.85,540.57,-165.43,153.00,-802.02,991.46
-242.85,-44.16,-134.76,851.50,-518.21,7.32,116.39,-929.38,359.08,-559.97,246.87,161.77,128.41,427.21,169.88,839.05,-792.64,-913.46,99.04,262.99
388.08,-293.75,103.61,17.37,-334.03,-399.10,267.22,360.09,283.73,125.92,526.48,-191.37,609.41,-891.67,-23.28,-680.20,928.97,207.24,823.44,-815.19
458.21,-813.69,-756.80,-64.58,949.22,298.46,-470.75,-127.67,-885.82,883.09,-258.60,871.87,-208.01,-959.48,-310.77,-868.94,831.19,-973.68,441.10,45.29
510.83,-486.43,278.13,-822.91,891.78,21.04,712.02,188.27,617.69,-969.31,-717.26,-878.08,363.96,88.71,-958.20,-887.21,-185.29,538.85,-725.38,133.13
-659.00,-817.80,767.96,186.06,685.52,-738.28,-997.49,-981.38,238.06,-432.76,775.85,-652.11,942.77,-947.74,-368.63,763.71,-293.21,-454.76,-481.85,662.33
115.87,979.55,656.98,817.70,-602.79,-225.78,298.58,-516.92,767.63,41.13,-7.43,997.02,-223.91,147.20,-292.14,-712.45,-754.73,723.27,-412.98,211.51
-743.19,666.99,-426.37,-129.05,377.55,-941.26,448.18,918.71,326.62,-600.68,306.69,716.61,-224.91,281.69,352.82,-324.30,8.30,-343.35,-678.48,-488.10
-984.09,-387.60,591.46,-408.20,-20.57,-969.17,723.43,-793.62,-958.80,572.75,882.48,752.48,617.23,-615.79,107.74,593.08,-173.74,-438.14,306.31,-628.24
-302.19,829.73,878.90,-159.26,596.71,-129.11,105.71,34.41,-528.64,-840.32,-262.05,-709.81,321.08,186.54,-602.86,256.22,-682.93,-981.41,-210.86,-748.38
-914.15,-755.27,786.59,-110.23,806.88,-640.71,553.59,329.54,77.87,583.65,-731.21,12.71,642.58,533.24,996.61,-505.84,940.36,870.12,-38.88,358.74
-929.49,814.85,338.88,469.97,543.30,967.76,-652.05,-496.63,-919.14,-730.56,367.71,-938.21,408.82,-796.84,-452.49,175.81,100.63,-693.97,519.01,-71.59
985.11,558.59,-917.36,-360.82,-475.03,387.45,-378.46,992.77,586.50,6.10,-835.81,-73.94,580.60,643.95,-799.41,742.03,-656.05,321.29,-785.02,398.05
-373.02,249.15,-608.38,-612.48,268.37,-946.26,476.20,-496.48,263.00,299.18,743.48,-985.29,851.69,-282.06,-926.39,882.84,403.14,333.31,-600.36,654.46
-395.20,-285.47,217.42,-992.42,354.87,950.39,600.96,-650.64,-897.21,317.14,-596.62,276.50,-374.70,663.42,926.93,648.73,987.24,-603.27,-600.28,188.13
-941.52,353.32,996.53,399.45,170.05,750.96,630.49,108.31,-363.98,-715.86,29.15,810.95,81.86,633.60,-856.64,-796.18,294.08,919.08,-134.22,457.74
676.61,-349.85,-385.55,99.28,-346.14,-151.77,-571.41,94.51,-664.77,-106.66,-597.30,-423.93,555.20,223.48,917.93,705.82,517.16,323.92,-938.04,-793.80
-299.48,-838.64,-412.88,893.13,-575.63,-21.57,-402.69,156.59,997.19,-78.68,868.08,-638.87,-91.48,891.91,-22.80,-68.87,353.83,-668.56,-195.00,681.20
-538.95,372.24,-796.17,-828.17,-702.00,18.97,-855.69,467.75,826.53,645.31,751.33,308.93,655.39,621.75,-118.58,474.65,-931.96,-274.99,-584.04,-24.02
-448.65,116.08,-910.66,-628.48,836.21,-698.17,-348.80,986.63,684.14,275.82,-101.82,769.75,-237.09,-241.69,-217.01,-98.98,-237.75,-225.10,83.63,527.68
-585.94,-52.19,753.33,-514.45,-167.46,-457.25,-281.71,827.81,746.34,-132.91,488.28,645.45,-994.27,322.37,859.44,510.59,-153.39,-762.34,-392.78,-511.76
-692.41,861.48,-52.26,572.89,-565.86,-138.94,307.09,-650.78,967.60,143.61,357.87,-472.97,733.23,244.75,-514.41,-822.45,387.59,-461.41,-525.39,-639.80
-533.96,828.65,939.73,-270.24,765.98,-48.06,-572.79,-788.49,481.34,91.33,76.87,246.98,-867.15,421.65,879.40,285.47,-694.68,314.13,-399.61,374.55
439.77,-903.86,212.95,773.75,549.21,117.60,-376.78,-779.03,-435.46,86.89,349.78,-181.78,283.84,-242.18,-861.32,332.80,761.51,645.01,-703.46,-904.82
379.18,192.60,-542.03,-64.18,385.68,-154.44,33.26,28.55,798.28,-908.04,-784.01,13.27,633.55,196.34,-709.41,774.55,-688.92,-263.32,-479.67,903.95
-198.88,314.96,-691.95,-966.44,-190.56,-459.27,-536.51,-531.09,119.90,453.09,-391.38,995.92,715.12,802.41,-242.43,-893.09,-956.65,469.22,56.31,-244.35
-855.52,-650.82,968.42,988.22,-485.13,213.04,313.00,659.42,90.23,-844.25,322.58,241.02,437.77,306.39,112.47,-934.35,-506.82,536.52,-104.85,715.96
-861.71,530.87,-628.28,-410.19,-669.14,-7.23,-238.29,774.37,100.24,792.77,-651.37,108.84,-168.79,-443.06,85.82,-124.97,385.75,492.97,-257.71,-671.09
-89.95,-421.31,-324.40,-510.97,-255.21,-578.77,928.50,-698.68,-942.41,-505.65,854.35,897.92,743.61,-377.50,-625.13,165.77,-758.06,-914.18,-907.29,-329.67
90.97,22.20,-472.67,259.89,490.79,-314.09,242.81,-306.54,818.83,-197.75,368.56,-164.60,987.32,822.13,-326.57,157.51,442.17,-49.41,468.70,-966.07
623.52,270.74,913.46,-294.76,-451.59,-163.80,-621.04,418.88,-689.07,286.82,-469.77,-456.42,-250.22,-487.80,-846.51,-705.27,667.21,-676.97,-284.42,389.98
-21.50,-443.19,747.95,311.77,-645.61,132.99,926.58,9.37,-124.21,-439.35,-976.50,683.04,245.11,535.09,100.07,-174.86,-497.90,-85.03,-505.65,657.28
-708.42,-502.81,-985.27,-511.30,-981.05,643.24,937.37,158.53,-947.45,36.09,-769.77,186.94,700.64,254.09,-239.17,-266.71,-918.62,-187.46,268.77,801.85
2.01,-838.91,-568.31,-705.76,385.54,-3.17,618.88,29.09,503.07,-581.77,410.59,-675.63,-339.37,-712.55,-599.72,344.24,-832.73,-167.70,-286.73,-716.14
924.34,-735.90,514.90,440.07,-563.34,-458.96,427.45,-343.30,-313.05,742.62,-227.64,132.12,-792.42,-418.88,-378.04,-609.11,199.09,-533.01,-42.25,-986.17
-191.05,923.56,-632.12,248.43,355.40,34.25,48.62,689.67,-644.29,-498.95,-392.74,-175.66,801.92,-629.49,487.83,203.22,396.10,736.33,860.66,606.10
-65.77,742.82,-691.23,-443.24,-184.53,-695.24,192.42,-427.86,426.65,169.15,241.16,709.38,699.30,-194.50,-831.74,-522.21,674.10,866.43,292.53,-288.82
-178.55,-527.18,-78.19,699.81,-959.95,-622.10,600.14,769.01,842.16,561.12,-693.81,566.68,-56.25,-562.47,862.35,140.04,-338.58,-386.71,-679.36,368.60
-701.63,-203.34,758.67,32.41,-0.99,-910.09,-842.67,352.32,-939.68,-579.33,-78.57,-805.63,482.89,813.41,725.08,818.57,207.56,-493.52,859.49,-924.55
251.02,-37.89,731.37,917.33,-732.28,988.46,-644.76,-795.98,-730.29,786.12,-277.66,438.13,298.31,231.01,221.59,-565.77,-950.01,480.11,809.01,234.07
28.04,-573.42,759.06,117.69,-169.58,-110.51,-341.26,529.15,-432.81,-828.20,286.37,918.71,-654.59,-107.16,-85.65,618.67,-14.79,511.01,539.50,179.82
394.72,-182.98,-482.63,353.03,-759.44,-230.53,-773.70,762.74,-981.63,876.44,-889.06,484.73,434.38,-525.24,239.28,-703.05,740.63,-493.84,794.16,652.96
655.83,-415.97,494.05,-790.32,64.51,-839.30,-28.28,-481.32,202.59,-989.34,124.57,-465.76,-846.87,323.23,852.81,-499.84,-936.84,-383.90,-850.20,-238.22
-388.88,-708.46,-316.72,412.96,596.02,312.12,33.27,467.83,-220.58,815.42,-802.84,707.64,-158.75,724.99,-769.46,180.61,493.45,-299.23,-593.67,-270.64
363.48,-39.07,788.98,-268.54,515.31,-85.33,-104.79,-908.81,-572.32,203.34,451.68,-54.97,239.45,467.70,-853.61,-543.79,280.38,-525.77,223.56,111.49
338.11,546.93,-10.79,-936.72,599.98,190.62,-969.95,450.88,-948.55,-200.19,-485.83,972.53,342.90,-553.79,965.09,122.98,653.84,817.92,-68.17,-847.16
-325.07,484.55,859.00,246.61,-101.52,992.43,758.37,620.90,238.11,-208.68,554.59,506.87,-822.45,-723.71,281.71,-586.33,-167.18,-718.41,-715.26,947.32
-464.81,-449.30,-53.05,531.02,-954.17,649.40,93.40,-529.95,155.00,-248.18,273.53,-497.91,231.45,-726.33,337.79,63.60,11.96,-957.16,944.36,-755.61
-264.79,-789.18,-196.75,404.77,-330.22,-57.32,-985.26,-430.99,-359.18,683.35,927.93,842.99,739.00,126.90,476.98,-343.40,-240.76,217.50,-518.92,632.85
577.82,671.07,-96.25,229.85,981.13,-487.61,-877.71,-830.86,-31.79,-748.51,336.03,695.67,-855.85,903.26,-92.80,-299.51,-399.09,4.34,-820.04,993.45
-921.24,-932.94,-826.90,292.45,-352.76,792.78,-37.15,-986.74,641.02,-158.68,982.59,-123.58,784.55,-232.71,963.18,703.57,172.28,-68.75,898.40,825.53
380.47,-505.04,-745.37,39.70,-969.15,43.64,989.72,-286.58,-973.82,-690.16,-999.10,643.31,637.12,375.44,143.10,-706.04,276.42,913.91,512.67,-146.25
-503.03,-541.04,317.70,722.74,344.78,357.69,-307.74,-10.46,-292.96,-36.31,16.16,-490.75,-508.45,-362.65,-623.99,585.24,366.99,882.65,777.27,-37.46
184.26,-919.21,353.59,653.61,-851.80,480.62,-690.88,-421.95,-61.71,-270.26,861.97,-995.03,487.32,797.73,-881.04,285.91,-535.23,799.34,-196.50,-810.87
787.89,-812.36,-953.43,94.16,-522.62,916.03,278.09,197.94,-121.30,-407.08,-733.70,-348.65,287.80,756.49,353.30,-962.11,-472.85,-974.52,504.71,-114.22
-591.88,467.72,-122.39,731.38,-858.25,359.81,-651.32,-962.78,497.26,-722.88,-818.67,905.34,-165.81,-603.99,-701.46,759.54,389.63,995.59,295.87,388.87
746.08,267.22,465.35,880.79,-429.38,-166.72,700.64,-688.28,-105.07,491.44,-692.74,-621.22,116.01,73.56,518.41,414.92,959.22,-932.98,115.23,64.48
347.75,-444.56,386.57,-142.50,-583.06,-370.55,-821.08,19.72,784.11,-774.93,729.08,-759.91,-489.56,-810.78,-184.07,861.62,181.56,87.28,361.23,-247.78
842.16,-681.38,-101.69,-989.93,-763.90,128.36,-865.51,-765.55,-387.09,-524.01,-829.60,-825.55,-390.88,-426.59,-497.32,457.98,755.41,-876.27,-328.48,205.65
-860.54,-287.38,38.47,-374.13,275.29,174.34,732.06,692.30,-882.77,-781.63,-13.42,-835.97,33.52,355.63,954.45,-485.90,61.29,-687.72,76.53,-621.94
-646.01,-540.98,645.99,-50.89,-565.20,214.64,420.82,-607.43,893.71,728.47,535.67,-188.56,-571.23,-108.36,101.70,-584.72,-756.05,-142.28,693.83,-739.87
-391.90,-195.09,-553.27,158.75,-335.04,-722.11,-171.79,182.88,735.45,467.01,335.10,849.28,542.27,-655.39,-726.97,-911.14,183.62,-655.07,-769.15,404.67
287.16,440.52,70.06,198.72,299.79,116.30,-347.64,-284.20,867.14,-251.27,460.94,-723.28,-793.52,485.80,-561.72,-80.19,-57.69,-154.25,758.99,885.77
983.73,-991.17,-863.03,970.77,-341.72,-933.35,-811.56,-377.15,-147.76,17.68,507.76,256.70,47.46,-196.04,288.72,-733.70,503.63,-709.51,50.94,321.77
499.73,527.05,317.15,740.15,-21.36,-677.16,-955.54,-107.39,919.58,-456.34,-826.84,-649.14,-391.61,196.19,703.54,909.34,578.96,620.49,23.18,-894.36
-173.15,-169.06,580.83,-42.79,777.42,637.66,-526.34,54.88,-726.65,691.25,797.78,579.03,-545.13,552.74,-648.65,848.74,779.97,-840.89,-973.63,592.98
-215.71,944.62,-878.79,-271.96,518.33,-672.29,-242.98,138.11,-535.45,175.46,-157.68,-681.59,161.12,379.62,430.32,616.99,-23.77,742.86,306.07,-359.07
91.83,297.04,893.25,360.18,-893.29,905.31,-795.91,-608.63,-375.08,214.66,240.30,984.16,-492.42,-437.10,793.96,-945.08,-374.74,-874.21,-387.02,92.69
837.63,-657.37,427.27,186.55,417.54,822.56,-454.47,-263.41,-3.23,649.93,767.05,770.58,60.26,550.53,-402.75,988.16,268.02,760.33,-617.80,650.34
-929.12,-726.81,514.07,-745.96,-698.01,-297.67,-258.81,-608.25,-456.18,-973.80,99.09,471.21,-429.23,-287.28,-961.29,2.50,-236.88,504.96,-658.69,336.79
-856.52,881.20,-667.28,-791.21,976.64,-189.65,716.06,-406.40,224.77,148.19,-107.80,476.53,-480.17,48.27,-111.50,-898.49,346.41,58.29,190.21,182.95
-788.20,465.78,606.17,-959.22,-340.70,-987.25,-63.11,-189.25,308.93,-656.71,201.91,25.84,680.69,251.46,254.10,-336.42,532.09,548.02,-270.32,561.39
-77.98,173.42,860.17,-217.99,-305.82,-896.33,787.73,-722.63,860.53,877.50,753.21,-472.95,-455.78,-973.69,403.20,-983.12,-874.66,-814.57,669.48,-13.99
-462.56,513.16,767.60,936.89,-997.32,-243.81,-519.79,-338.48,418.49,-877.83,425.67,711.96,-756.45,-17.06,428.79,225.48,-357.76,-392.65,-508.01,208.02
-22.18,339.79,-499.95,875.21,-509.06,52.07,-319.38,136.67,-468.20,-977.14,-924.90,714.01,304.97,-707.90,-90.52,907.99,-982.12,-188.76,959.33,-571.21
-745.89,-770.78,-113.53,514.04,526.34,666.83,-172.85,621.91,-137.17,924.68,520.73,114.10,674.30,-830.05,-890.17,88.21,-486.97,-550.22,-787.23,-356.86
753.61,898.10,-861.94,717.79,-175.41,490.21,394.10,-651.48,-890.80,-950.01,-939.27,-854.45,446.28,286.78,-184.56,220.34,651.17,-66.02,549.86,-541.40
257.81,708.28,-276.21,-129.41,-783.65,761.38,988.52,946.46,-414.35,-575.79,-773.85,650.18,-884.69,672.08,-821.17,770.64,649.54,600.86,225.26,-833.76
778.56,956.56,-724.07,-542.16,-775.68,771.11,-88.47,-500.87,505.10,489.39,164.59,-829.49,9.73,911.74,-817.69,193.15,-598.07,576.86,143.90,-922.44
491.58,-161.10,13.72,702.69,954.26,-599.72,905.08,-239.97,272.25,-351.82,300.01,266.21,-272.97,-903.36,-69.09,-760.95,351.06,-320.61,915.45,855.37
-567.69,519.10,772.47,364.00,-984.44,258.44,-755.63,715.33,-493.50,500.33,-917.20,-841.04,520.67,-216.10,2.03,-588.21,-3.11,-85.56,537.28,209.00
-728.09,652.16,691.01,610.87,-815.24,571.07,-496.52,-504.64,-364.65,-325.53,715.81,-167.60,343.66,-688.48,-263.54,123.03,888.73,-988.28,-835.45,734.34
-807.27,-74.18,-371.15,-878.74,-433.62,20.18,-545.34,-336.58,-420.39,543.64,-550.63,-346.51,807.51,966.77,-333.78,-293.25,-418.46,-276.73,488.52,123.06
965.20,586.57,-733.99,112.19,-340.07,-993.85,354.66,-907.03,380.26,100.15,-837.43,693.85,422.28,266.14,294.43,621.63,437.20,663.79,-680.52,893.17
-479.09,-64.35,141.44,-668.11,-772.28,632.13,234.20,944.10,-738.44,423.35,-556.99,-290.30,896.76,808.33,9.99,480.31,-694.04,-443.51,-259.88,237.82
28.97,-233.54,-429.08,238.20,-270.54,-560.86,496.53,-952.97,-4.59,-314.60,375.12,-740.61,523.84,355.39,665.95,-982.36,796.57,474.76,402.08,179.70
17.78,368.05,10.10,702.57,70.96,-779.36,-470.48,484.11,74.23,-565.15,961.82,-859.34,343.33,540.77,-743.59,-161.69,264.92,-276.09,31.10,808.38
16.59,-243.94,-266.90,-196.84,-93.91,878.72,685.71,463.93,881.17,-268.77,-965.67,286.26,471.00,-778.50,593.83,-154.49,621.91,571.97,-712.33,-557.52
919.69,437.85,756.23,-604.31,-559.95,536.13,-622.40,-601.09,-487.41,642.28,-806.25,801.45,-630.58,796.82,837.07,797.33,-838.86,-222.75,646.77,846.15
975.55,650.91,-512.55,740.62,814.95,959.18,-224.24,753.40,-554.93,580.13,633.86,881.20,-981.34,726.48,-287.03,125.48,-864.46,107.65,-352.46,-514.07
-301.61,-473.12,-770.95,-307.14,725.27,-773.57,127.66,-456.75,-905.22,25.85,-204.90,-207.29,14.46,-207.56,-377.07,285.98,338.76,-778.97,439.94,971.92
669.57,796.30,43.87,-431.75,-332.88,-5.35,737.39,-889.88,-722.15,-665.67,165.85,632.26,615.49,854.76,98.51,-488.79,-937.72,954.75,840.56,81.56
831.95,331.68,-342.70,-305.12,-203.15,637.39,508.34,-958.76,-291.48,-100.77,-884.93,-589.37,-363.76,680.77,237.11,-404.28,-193.20,272.40,537.79,144.93
-419.53,428.59,781.75,256.68,-114.74,269.81,-335.48,-31.44,999.88,-746.19,731.86,808.49,-867.28,874.08,-373.44,192.92,931.12,-947.87,846.12,545.98
-275.19,-263.38,86.03,81.99,-468.54,-187.54,599.21,-75.65,-301.87,466.69,-645.02,-580.82,495.79,327.22,-640.87,378.27,625.89,-999.47,-891.39,-93.34
-837.89,676.13,318.49,8.87,700.30,904.49,251.59,-392.29,-86.36,-143.39,715.30,659.58,-330.90,630.00,-810.44,364.42,80.27,-386.98,616.56,-449.04
-366.29,-76.67,77.93,704.42,357.20,491.12,-819.58,770.69,-896.37,-744.27,-863.10,-535.00,637.91,111.02,362.27,341.53,261.45,414.98,-952.74,895.37
-580.79,545.47,-519.80,-598.37,-718.26,80.12,319.08,-584.58,-672.38,-252.59,958.32,27.06,705.78,22.98,790.99,92.14,24.93,306.38,-74.18,-883.41
-305.64,-926.16,-754.65,406.29,-75.76,-147.50,-356.00,-113.41,595.72,-737.09,794.45,862.71,-360.47,-191.97,816.09,106.42,212.59,-10.46,129.30,-488.71
-72.85,274.24,-194.92,-884.40,-204.56,802.11,-99.88,338.69,370.05,780.52,127.30,-109.77,385.48,539.33,-22.37,798.65,-104.80,-36.89,409.41,-730.41
-980.25,-976.49,608.96,-983.27,-503.00,310.93,-540.19,782.12,-945.72,672.55,197.11,-478.09,-216.05,166.41,-269.40,-118.16,-237.58,504.15,-466.65,783.12
358.26,-977.26,84.00,873.20,641.03,729.83,-567.31,-247.01,-464.52,74.12,710.94,61.82,999.83,-438.25,641.44,-800.58,-410.25,742.46,102.89,-502.94
-876.30,474.44,231.87,-877.99,84.78,-726.72,505.47,507.56,99.43,65.94,640.42,461.05,-706.20,-805.27,-659.52,-590.20,477.10,-315.09,-906.32,439.52
-272.12,-237.06,-223.48,-239.00,-309.03,44.64,612.39,860.89,620.94,-122.35,-772.13,-838.56,215.67,580.95,-607.37,-319.33,-249.41,-507.36,-603.45,672.46
-450.07,241.73,-201.10,-806.82,432.57,933.76,-606.80,548.83,-640.12,554.99,-767.40,-762.01,905.39,-573.29,586.68,-497.72,-866.82,-417.08,178.30,-724.72
267.32,-771.79,974.40,-142.37,-820.80,-775.96,-63.56,905.68,405.06,626.47,801.92,-218.38,-951.47,147.55,-217.98,-964.29,35.81,-697.28,265.62,-733.13
567.00,-929.66,-742.64,859.10,-690.76,344.37,855.29,-595.35,290.39,334.52,487.22,-867.88,-903.86,-90.95,629.51,-826.19,-812.35,833.20,-456.95,549.98
878.56,815.69,727.97,194.32,189.46,364.62,-945.89,-433.97,373.09,-229.79,-748.76,-940.29,-857.28,-0.71,-442.37,773.48,-570.91,-700.56,-807.40,-762.73
221.01,-557.01,322.65,-661.15,-511.53,-759.80,633.16,-737.00,246.67,939.60,-573.35,222.57,172.18,846.33,-617.87,-356.79,-142.17,-782.09,980.35,-690.26
-507.39,430.51,569.35,143.02,-765.80,-630.84,-934.86,252.52,-640.53,595.46,549.39,-311.85,931.18,-505.89,220.10,-538.96,648.38,-830.15,-184.27,680.76
-545.27,-234.94,-879.39,-464.22,272.69,857.99,-867.27,425.63,315.96,-570.52,944.05,-573.09,-894.85,-557.68,-986.67,869.68,854.41,821.73,-999.49,466.51
-526.85,693.10,-352.38,-333.84,402.12,557.37,239.47,-777.37,494.41,93.50,-105.10,524.81,-963.54,-565.35,-31.19,-668.68,-845.30,-701.99,-343.81,29.51
786.69,507.68,4.26,877.34,826.79,757.81,257.37,362.80,306.75,-206.24,293.10,-909.55,-579.20,243.79,-859.86,-962.05,49.41,867.67,-603.11,521.39
914.33,-396.27,-926.31,860.92,-34.19,-745.32,992.70,-249.84,100.48,31.25,-160.58,891.73,-416.56,394.67,-563.92,-725.90,-242.42,445.48,-311.27,-812.08
713.23,-592.27,890.47,-342.88,61.65,399.09,584.18,-219.82,-466.63,-328.46,-690.96,374.37,964.32,-463.26,-6.33,193.74,-978.06,569.20,635.96,-374.37
-235.31,-959.31,894.20,7.68,-205.90,-100.27,207.61,599.46,-63.45,-829.10,-398.21,-874.89,-795.41,457.61,-440.50,-383.76,-38.99,490.26,613.51,563.67
586.31,978.36,463.48,954.68,496.39,-215.86,-3.44,-171.68,-259.54,-555.39,293.59,-560.66,-0.69,527.52,566.50,666.55,-657.39,-610.12,393.65,-650.64
-609.71,-661.31,-209.45,608.64,-568.01,751.70,628.22,276.55,-885.58,-14.59,-870.59,887.44,256.63,1.62,101.30,-440.59,212.45,139.44,-220.98,639.67
570.34,987.67,-775.40,966.86,883.30,269.98,-877.70,980.43,-134.26,-543.52,-676.74,-197.77,-673.71,-419.03,-317.83,-9.82,-643.32,800.96,926.33,44.38
775.12,631.41,905.19,-280.91,952.01,-192.02,125.73,597.27,724.12,-113.15,456.29,-160.92,420.25,-543.21,-217.87,-744.38,147.87,865.12,583.02,979.30
578.42,534.26,674.14,-808.98,48.68,820.38,727.33,-808.70,-540.04,578.89,-427.64,768.18,483.60,-620.80,139.74,607.58,481.13,-844.93,-824.10,-233.80
-629.28,-328.56,996.06,377.55,-953.24,-806.29,647.89,429.14,-454.08,-246.01,700.61,-601.23,-470.50,360.86,940.96,-9.13,-923.15,591.50,883.62,-164.70
-118.90,241.04,246.17,-302.74,-877.96,336.28,-855.05,138.99,23.18,-813.16,-530.63,239.75,-851.33,-225.95,582.83,-389.51,-548.66,-817.02,-399.43,-163.44
624.39,433.86,950.56,620.40,-883.67,691.53,-30.52,894.56,-928.42,-955.65,112.82,895.83,342.18,-487.36,883.76,-977.08,-905.05,-286.25,190.26,93.68
-797.59,666.56,-536.95,231.91,238.02,-191.54,-886.96,-801.38,-135.18,759.48,528.97,218.03,714.37,383.16,-705.34,244.75,892.54,-411.57,-869.76,-45.02
-494.09,-305.73,-938.52,-515.20,-268.37,991.68,-223.73,-840.01,918.11,787.63,-511.07,-388.75,-315.01,-133.26,107.03,784.73,138.11,-530.21,-381.24,786.76
35.74,619.13,-549.08,843.35,-133.29,-436.30,-985.69,-927.24,404.78,359.99,104.80,-655.90,556.18,-965.60,-780.36,-897.48,764.75,-902.17,-832.05,-879.56
-386.86,525.28,560.48,-572.44,682.76,940.63,-356.69,168.34,725.81,390.95,734.72,334.02,616.78,-12.32,-527.51,294.80,-325.55,130.07,-425.61,-824.82
57.20,-422.41,-57.87,-742.59,88.86,-361.40,-191.55,786.20,-535.44,847.48,-703.80,-200.31,437.19,248.41,-313.32,197.28,353.94,425.79,588.98,-367.23
894.89,-646.38,482.46,-924.07,239.68,887.25,-994.63,-983.20,-599.24,-697.83,26.43,-952.90,-638.49,-508.07,989.60,-232.23,609.30,867.15,-317.09,348.99
-242.54,-381.35,-607.96,-285.53,268.28,255.21,-771.89,-839.71,175.20,132.07,-698.23,-569.52,457.42,385.53,-872.47,-176.27,-290.13,452.73,265.83,-393.35
238.39,438.29,-781.39,463.66,-451.91,-526.33,243.00,-543.25,711.40,68.66,-120.32,384.51,273.18,459.56,-268.67,293.67,266.07,984.50,-393.68,511.91
-757.31,771.64,656.53,-647.05,-814.47,867.09,-779.56,-622.61,589.03,-971.78,815.05,-567.70,897.34,118.13,-40.32,-957.12,-495.05,-107.48,-909.40,-235.09
603.07,5.27,972.94,33.46,480.76,403.87,632.63,-638.03,256.48,-276.16,930.75,597.61,-67.69,693.06,681.21,227.28,-605.44,326.27,-210.41,580.55
-555.19,853.03,753.39,-160.15,49.78,-847.06,599.04,510.52,-250.42,-126.64,-238.93,-479.83,270.94,-502.96,209.84,-589.27,-926.07,771.12,708.89,508.17
-741.02,-372.90,92.50,464.95,-735.15,-797.40,-416.37,951.05,408.31,-630.04,-548.73,-913.81,206.30,340.71,-402.30,-664.88,34.53,-447.43,592.83,-525.84
927.73,685.37,734.84,927.97,-81.80,346.17,723.82,427.14,-624.52,677.01,-780.65,-166.14,846.72,642.75,-534.35,-894.90,775.90,-190.90,-931.90,-896.92
-912.87,-474.83,680.94,-785.29,31.84,-824.59,-842.42,-305.95,104.69,812.90,-510.32,-565.70,-950.83,-564.12,-104.27,714.75,937.32,-393.43,-676.57,-691.43
799.44,-80.76,-455.65,-816.85,334.69,-134.74,-317.85,-175.05,-511.74,251.53,-263.62,408.69,-511.84,506.87,289.52,-109.80,-804.31,-36.99,-991.70,-360.80
149.64,266.07,-885.70,227.71,-992.65,-467.63,362.38,314.95,991.62,112.84,-920.21,-427.19,-288.15,-618.07,-800.82,878.12,335.97,-26.31,236.63,883.20
-444.79,-917.81,692.91,633.11,686.24,-791.79,-106.85,618.14,-57.05,152.87,207.32,-203.67,-677.30,-312.81,891.06,636.38,851.96,995.96,-451.33,212.99
128.05,-203.74,156.52,715.04,350.95,675.29,599.73,419.25,354.35,-705.93,504.47,682.77,434.28,227.62,-280.18,660.35,96.92,753.12,370.06,848.20
-751.14,563.93,155.69,876.79,-763.90,-227.10,917.63,341.70,-146.80,-459.78,3.25,-954.33,166.97,533.90,892.82,260.65,-966.49,388.78,-195.93,-764.57
-680.60,824.83,-14.22,-21.28,791.74,-708.73,-882.70,-665.95,-978.57,774.97,3.92,434.63,400.25,-217.10,265.71,-138.02,-629.64,-55.88,835.10,722.78
488.67,943.80,175.30,-857.48,5.84,-227.47,418.59,-877.50,682.38,-596.67,-155.88,-800.52,-159.88,996.87,266.23,873.11,-208.64,420.74,292.55,-847.48
-631.63,-661.92,-290.32,-695.17,900.39,99.14,-27.20,-474.95,-612.32,-881.84,534.28,768.10,371.37,532.31,290.08,484.73,950.46,596.94,-938.64,-727.52
449.01,-620.61,-660.76,-352.98,-878.78,163.73,-947.95,-799.57,961.10,924.20,-641.11,-460.33,-914.96,265.08,18.65,930.93,-692.58,137.56,-398.10,375.34
-148.93,-914.90,-170.68,-742.78,927.12,436.60,-622.50,-442.78,710.82,-113.25,-763.66,-501.25,-272.58,-892.64,800.47,-333.36,847.35,690.43,-114.95,409.30
998.15,-169.80,-459.22,833.66,-260.98,-746.47,793.14,260.19,249.93,-559.59,-863.75,-225.88,560.95,-140.06,-129.63,-81.65,172.80,-833.32,22.45,849.20
-833.96,-873.11,-946.20,-42.95,-979.41,-290.56,-404.57,803.98,-423.71,-378.13,123.65,698.35,-844.44,-446.78,-812.26,-298.35,323.62,-295.65,896.88,-146.33
-119.27,86.20,855.79,142.58,-804.63,856.49,745.27,-415.73,-710.96,353.93,-361.64,352.76,511.44,127.40,467.91,59.76,-613.62,650.02,-66.48,252.32
154.09,-487.01,-812.68,-411.64,282.77,433.53,757.84,-384.38,-632.26,-606.36,-727.06,126.28,-722.09,534.10,-61.12,834.34,-838.38,588.15,-691.27,-771.72
687.10,-918.13,-956.76,-693.16,534.44,683.87,-163.23,-575.04,19.97,-23.79,-89.69,-941.69,125.51,460.24,-354.80,488.79,786.85,495.76,726.07,-428.26
193.81,-446.16,225.78,166.25,660.63,-259.20,-27.47,658.45,638.13,707.84,954.36,-354.46,109.21,-416.42,281.65,-204.96,-545.74,-660.54,21.40,-483.38
581.53,588.76,-384.24,752.42,-223.81,-582.45,-164.79,-105.89,358.32,-443.90,-752.17,480.94,-244.80,697.28,-314.98,697.19,153.12,741.52,801.89,624.28
343.82,-504.93,-856.15,990.44,-553.77,-596.44,975.80,-166.51,-888.16,570.44,851.00,-136.21,-485.64,-265.30,162.76,-233.66,246.44,-924.07,171.65,-859.27
207.81,-727.92,-532.56,50.97,662.06,63.83,744.50,835.34,909.37,935.43,775.41,700.64,-218.18,-696.91,458.08,-920.86,-817.47,270.01,-688.09,-937.86
-698.49,-84.58,407.25,696.32,918.47,-468.56,-746.10,566.48,224.53,905.92,-77.56,484.19,-987.90,-127.15,-892.66,-988.76,556.77,-709.24,502.58,405.38
385.89,439.37,-653.36,35.85,-685.08,581.16,33.76,522.21,-873.96,-763.42,-653.68,-686.54,548.37,-6.80,532.50,841.60,-865.31,782.24,6.54,380.86
741.03,-54.48,15.30,-962.47,-720.51,316.70,-798.64,-94.79,-116.30,9.25,-449.54,-560.53,97.59,152.25,-768.19,260.72,-376.19,-867.67,-187.65,293.56
-479.74,-324.52,-624.84,705.96,-95.64,363.12,506.35,-35.59,-262.19,-504.26,454.16,-983.61,-49.09,823.01,70.26,-585.68,724.72,-149.36,349.23,831.56
-997.50,-827.28,-761.19,79.87,909.89,161.10,-466.89,274.59,846.61,90.25,-405.32,443.42,683.44,658.40,356.14,754.99,-338.47,-876.80,597.46,-936.46
538.62,365.93,-38.39,-378.89,-545.90,579.33,768.27,-837.94,908.12,-500.80,570.18,749.42,596.89,-71.46,-4.26,686.16,-416.77,110.13,149.09,141.75
402.76,-815.73,167.56,-880.30,-900.83,-313.33,111.39,73.53,-198.57,504.35,0.69,284.52,-735.28,-743.49,-793.87,-836.37,276.77,976.78,664.04,-577.47
671.24,654.12,253.55,-581.09,524.77,166.42,96.05,361.26,-603.58,935.32,332.08,-310.18,612.90,682.33,-56.97,-926.46,356.10,844.09,840.77,842.13
906.05,-443.58,-957.91,-484.87,-747.21,442.28,-5.41,359.55,803.14,413.21,-412.26,200.30,865.93,872.59,-327.48,791.94,225.05,-136.96,-24.77,-847.40
-961.63,-255.09,668.04,871.81,-658.20,447.21,-625.39,-744.94,30.46,-527.52,573.24,405.19,883.75,194.14,-14.35,-331.69,-619.88,954.31,-142.50,976.04
-422.48,407.95,-242.08,342.32,-389.93,197.28,-770.29,223.07,591.74,720.48,-909.72,199.93,20.31,-517.20,532.24,-954.26,522.21,613.52,-594.99,-945.25
-77.24,489.52,-976.62,-173.75,86.66,-291.09,-272.10,-741.46,209.63,556.82,387.46,604.70,-448.63,-185.05,-757.91,-367.03,-813.45,366.16,282.37,-636.31
383.94,-934.15,-411.32,480.70,-777.58,-312.11,338.63,10.31,-46.72,-694.96,641.91,844.42,426.82,-409.96,436.74,-192.70,226.79,272.98,-517.18,-73.70
-708.73,-748.78,-604.28,719.78,-873.22,66.72,357.14,538.28,-637.64,723.24,-509.54,-161.75,-783.78,-804.66,-841.07,663.88,960.21,-826.54,-85.66,-769.47
-192.37,615.64,798.25,-283.65,-446.37,-89.15,971.15,61.04,650.15,974.86,833.82,-756.53,-429.81,389.90,-807.24,483.57,827.08,-294.21,-605.57,11.30
106.73,55.93,-545.35,949.32,758.26,-934.60,231.26,196.05,619.24,944.06,782.21,208.58,-439.94,859.71,-896.56,-567.47,-317.79,602.35,-371.33,610.40
-52.34,-851.03,169.68,269.59,-67.40,-930.14,709.83,-819.75,-793.46,-49.60,446.85,994.57,-960.34,691.85,947.69,257.69,-749.17,195.59,682.98,-598.97
-20.59,-527.87,-156.07,934.59,592.88,-225.32,-646.37,-401.90,-793.39,419.71,-584.18,-729.12,-850.73,-277.09,-745.97,752.26,317.61,473.26,477.69,621.10
849.33,-310.57,-636.44,868.26,-924.08,-74.67,593.97,611.10,-498.63,356.22,582.09,-227.53,554.46,-964.41,408.62,149.86,110.18,313.99,962.82,311.24
-950.88,-569.52,562.52,-656.87,369.66,-63.30,341.51,-945.25,664.92,-874.50,-25.44,-142.71,-583.51,-454.16,-548.09,-569.35,-303.75,-218.07,-134.84,-754.80
487.00,546.55,-627.98,744.93,895.26,944.72,493.79,-665.35,413.37,567.33,-820.95,307.83,588.88,-754.51,720.69,-206.55,366.28,-793.23,196.16,-87.74
-490.11,419.86,13.34,-526.30,333.44,466.69,-686.02,-542.07,-853.29,-531.02,905.68,-161.58,829.61,-853.76,-468.36,-575.01,-174.88,-177.19,157.45,845.42
615.66,140.39,-949.11,305.73,288.18,-749.17,-418.52,399.11,-144.92,-461.85,-414.38,186.92,948.70,-946.42,720.63,685.75,430.36,421.29,260.78,928.28
835.80,-98.20,866.61,-976.48,299.24,-681.06,830.70,-342.67,-500.68,743.04,-583.95,-720.50,-489.45,-97.56,554.58,-919.82,391.07,-86.72,474.49,-730.72
-833.07,-327.46,405.69,-879.34,-552.44,-513.89,-198.62,-898.49,495.27,-399.82,502.47,691.98,-885.13,-574.21,782.86,717.01,156.68,-53.97,-397.05,-89.67
914.79,-250.18,-483.96,-183.58,271.18,-993.97,549.69,653.16,192.17,760.29,384.07,270.55,405.48,551.82,-640.42,-704.04,-511.30,27.22,531.46,529.60
-763.91,952.79,-345.93,-778.33,394.79,-390.48,-880.26,-437.62,-984.16,603.67,-915.40,-722.37,-178.65,611.36,734.07,-687.30,866.50,320.64,-261.36,-881.80
-604.31,49.26,487.32,-886.24,628.37,-765.38,681.41,54.64,781.76,-355.36,800.01,-80.29,778.61,119.34,778.85,-824.37,218.99,703.28,955.66,832.01
176.23,857.77,-30.23,-62.88,-893.41,211.68,-12.82,345.00,-111.04,772.53,-697.37,-287.57,-63.24,-340.96,-258.01,274.04,790.69,-725.87,17.65,-414.59
94.75,-201.24,983.99,563.10,-893.21,-779.20,-570.94,629.77,875.78,-748.99,-192.08,91.71,-687.70,540.18,-182.49,637.05,382.88,-524.18,-957.11,-360.72
426.00,569.27,811.99,484.19,148.23,-703.27,983.53,-654.47,839.92,237.67,-186.82,-314.61,991.57,670.50,-801.84,680.94,-57.74,-729.60,739.77,406.29
172.10,518.35,-534.10,-603.76,-655.38,-343.80,-483.54,986.61,-230.50,-18.27,922.26,971.98,-196.91,-351.70,617.40,-805.15,-624.36,-797.33,472.18,822.34
-850.29,165.44,223.76,631.08,538.07,-298.42,-77.86,-400.10,-302.38,653.21,140.18,-512.25,-387.98,-212.37,583.02,174.89,-553.79,270.74,995.30,882.94
524.88,-770.91,992.40,321.85,-374.19,-482.91,-469.55,537.44,798.87,-220.54,342.25,-785.80,351.98,-25.18,410.35,161.49,287.31,837.41,225.72,-762.58
-522.12,-493.38,10.42,624.36,-296.20,-883.46,-137.59,20.07,-76.21,728.65,787.88,264.05,-621.41,-409.70,249.76,137.07,135.58,-765.75,-88.29,442.41
-920.62,-38.12,112.16,-320.07,-951.92,-280.74,-978.94,402.73,-821.42,-175.26,176.75,686.90,155.40,98.76,-283.20,321.75,567.23,-139.82,-780.04,-620.91
756.29,-380.38,24.04,-611.23,-773.12,321.28,944.19,-76.89,133.04,302.73,768.27,920.37,339.08,-304.59,839.87,340.34,-72.97,92.09,322.91,71.94
783.37,-647.21,-484.21,-714.36,-457.15,-918.28,-76.72,798.19,617.10,635.45,-623.78,-436.50,-260.71,-121.73,538.54,-544.48,242.02,517.88,-184.06,598.28
-354.25,112.91,-911.37,-567.80,-164.58,363.16,152.39,457.63,499.66,506.79,30.71,-192.81,-714.62,544.23,514.19,-406.77,850.12,532.23,836.35,-997.10
972.45,972.50,450.17,496.62,817.38,-133.07,451.98,536.74,359.95,-969.45,558.80,157.43,685.34,-303.75,-641.20,-476.91,872.54,784.08,927.32,996.07
930.88,-209.22,-381.62,-727.98,182.24,22.89,-262.20,582.56,317.20,-28.24,795.42,958.25,-12.92,-154.51,-637.20,-813.45,147.57,659.68,668.04,69.11
543.62,-269.67,610.40,-882.98,-984.19,851.43,522.58,-738.01,742.98,158.35,272.93,-424.69,13.57,508.60,628.03,-576.63,300.17,-901.81,-52.34,910.74
-778.21,436.08,-762.11,145.25,646.79,-785.59,-584.27,-576.72,-125.91,193.81,49.30,-102.36,168.94,-134.07,-334.37,-672.80,-185.04,-389.90,-161.73,-21.62
618.69,674.05,-475.91,-871.62,165.41,907.67,730.07,605.38,924.21,-200.05,-631.92,-791.21,277.82,951.12,893.59,-231.05,-84.30,-284.41,498.89,-878.23
393.79,-3.29,421.53,-688.81,579.28,-294.01,785.39,885.24,782.49,-86.88,995.70,47.23,288.23,-916.00,363.46,-808.72,349.52,-66.46,922.66,313.45
606.93,-25.01,749.57,840.26,-990.00,82.96,-734.39,561.49,416.46,-899.55,924.78,785.31,195.96,136.87,165.75,636.35,-23.74,-437.46,238.42,-23.76
-394.35,-675.62,-403.61,-108.52,-983.96,764.67,508.27,316.12,465.35,-135.07,-149.82,-936.64,409.80,354.49,-620.69,119.42,352.57,536.13,885.49,658.45
-409.73,859.78,744.29,719.15,760.15,-807.17,-580.34,527.06,736.41,116.47,308.66,163.77,-806.40,-623.22,-599.97,356.04,629.57,113.93,-395.25,34.18
158.09,-730.91,303.65,888.57,-339.66,-918.84,281.79,-539.10,-707.90,858.59,119.82,878.48,-311.46,323.63,-299.48,-106.20,-356.74,467.27,-773.71,817.31
-419.87,135.70,-417.58,-880.80,-207.64,392.10,225.96,-54.90,-973.05,-756.94,-183.49,594.84,-99.99,-617.84,143.25,-297.31,62.43,-251.76,-90.88,572.88
778.19,778.41,-617.89,-942.16,-931.89,-891.23,425.27,-379.52,14.35,-466.03,153.65,-779.25,209.66,485.54,403.52,443.73,770.93,958.39,750.78,-60.33
651.96,391.60,-889.29,-85.80,-883.71,-243.83,-587.77,732.68,-265.88,-893.85,273.76,-794.07,263.14,-318.07,439.84,-724.55,-413.79,-555.59,-675.25,-655.17
757.12,96.35,306.62,-595.44,-749.67,-75.70,85.14,-374.82,229.62,-551.16,-256.50,412.12,-291.92,-565.80,-721.78,355.69,-468.64,926.21,-771.80,513.75
-493.78,798.29,-501.37,121.84,384.92,-692.59,413.12,392.65,821.87,-657.66,-653.71,649.03,-793.00,679.30,-12.89,-808.81,-830.25,-172.33,-976.14,311.03
48.49,650.60,477.19,-627.76,-444.78,354.36,-842.30,-907.18,-559.46,-936.99,-811.58,-222.74,106.30,567.60,997.23,-169.05,60.45,-674.09,287.26,176.56
-640.58,226.69,325.29,-477.91,-639.82,-646.34,132.04,271.34,-732.81,242.93,584.22,-237.12,-464.55,905.65,492.73,946.92,-592.11,882.60,-338.53,-134.92
702.89,-471.02,659.87,817.52,545.62,-63.90,860.54,440.32,-665.63,-781.70,-26.27,-768.75,-165.65,-342.45,-953.03,-154.83,-138.03,-64.24,164.95,-586.30
-232.39,-790.86,74.54,-574.89,-758.83,-735.52,115.93,699.17,-22.41,482.41,156.74,40.11,654.73,441.31,-775.09,-25.96,355.09,729.07,-822.35,741.83
-554.46,243.05,-999.28,-470.59,223.83,-441.91,483.07,-16.41,-557.58,-200.30,391.37,-910.94,938.62,253.07,445.91,-82.03,966.21,-270.35,489.40,597.76
603.65,536.25,-697.75,803.47,803.43,-385.81,664.88,-348.78,-798.80,729.47,843.52,-558.50,223.46,647.77,530.41,312.93,956.13,830.76,-963.75,-439.13
141.11,282.96,601.08,37.10,-966.79,-959.16,-180.97,-469.76,928.43,237.86,-345.91,653.95,-837.55,-602.32,-344.54,-957.87,796.97,-178.99,144.17,-147.77
18.11,-572.64,-267.00,-543.10,-63.93,-941.26,-388.26,909.06,563.54,800.38,473.01,560.19,924.57,33.78,-147.35,193.12,576.42,-274.59,-477.91,-521.10
-709.76,-430.95,126.18,-741.78,-116.42,623.74,904.68,-778.69,-498.66,429.66,743.31,-396.64,-68.78,407.12,61.79,-502.62,240.75,-989.82,966.35,649.01
278.70,-529.48,284.95,949.27,-21.18,-144.92,-738.44,-16.92,-606.05,164.17,-430.91,972.61,-0.12,14.34,944.82,-577.44,522.37,-384.65,111.15,768.57
463.48,-641.09,709.64,291.10,-195.96,526.33,-857.47,-344.30,-462.77,-502.95,225.37,716.99,-136.72,-592.82,566.31,-129.69,-485.36,-47.45,-614.68,-357.66
874.60,-22.70,-707.01,-955.88,727.14,-718.62,-843.52,-895.43,-278.54,252.80,425.50,465.81,-162.36,702.23,-987.05,1.24,415.13,-297.05,801.61,-190.01
750.60,-67.92,333.34,-252.86,725.92,-166.17,456.44,604.58,46.72,-625.89,123.60,642.61,-876.29,-301.19,332.51,95.07,-165.22,621.37,131.79,-823.88
271.27,141.70,-333.22,-489.26,95.00,-55.08,219.90,683.84,-860.19,-420.30,-755.99,-202.34,401.66,777.77,-900.32,302.13,288.35,645.86,-378.90,-712.67
82.81,-575.68,708.09,-837.92,432.30,-264.20,363.05,577.69,-127.61,189.20,993.36,382.93,-375.70,161.89,343.54,464.93,-784.70,665.54,485.36,307.11
654.56,92.60,-124.26,-33.57,-893.75,596.97,388.43,-182.72,194.47,-443.59,462.04,656.66,-904.48,504.12,-662.25,643.96,-756.51,-912.77,-62.49,717.49
601.27,-77.44,260.13,-971.33,-153.50,-35.34,-54.98,-894.73,-287.90,-865.99,-807.34,932.63,-418.41,-273.39,571.33,-436.12,-306.69,-57.52,51.56,992.31
301.37,-817.57,-461.45,306.95,1.53,764.08,442.75,-951.17,-614.67,552.13,-729.85,-944.70,-536.18,869.53,-578.83,-539.20,414.99,-115.88,222.86,55.79
-471.49,748.87,810.64,-867.03,-849.21,994.46,-518.98,612.73,895.68,-689.11,740.54,748.35,-294.21,-557.72,-543.83,860.41,594.84,-204.47,-982.95,-525.63
42.65,-814.14,669.69,-648.09,349.62,-835.24,785.10,909.23,-668.40,-935.39,-653.00,935.61,554.00,-316.18,-491.44,671.06,-949.20,647.19,59.18,-411.29
441.88,-259.68,-509.24,-602.38,128.35,-491.80,-51.50,-180.16,-700.58,736.80,-512.25,916.34,660.10,-190.96,-140.76,-888.52,861.57,-701.60,640.35,404.01
-388.42,474.30,-96.93,-308.77,-116.81,-650.36,-941.42,-780.53,-912.54,87.14,59.37,565.71,-628.20,601.32,-590.44,-982.84,-985.30,594.90,328.45,-857.75
-31.38,137.36,-640.98,-127.79,-282.28,251.71,-12.12,-831.89,373.02,607.74,-119.13,-299.44,976.13,-489.27,714.36,499.75,-342.20,893.18,965.59,-42.67
854.83,236.30,-411.70,-939.40,-865.42,307.52,-527.97,478.52,269.12,255.71,-537.40,-374.72,-303.43,264.87,-890.26,905.55,-839.59,-974.71,-637.84,975.02
-839.38,-396.66,-33.07,-914.55,-836.64,641.13,74.99,-896.52,-970.33,-908.41,949.82,810.15,656.57,-447.26,843.42,278.68,87.95,950.41,-438.09,65.23
610.29,-901.20,-537.49,-10.22,848.69,-484.97,762.68,7.24,566.74,428.98,302.23,768.05,800.19,-925.94,266.52,320.76,-684.44,-81.47,319.50,115.69
396.79,951.09,-872.88,-838.06,-796.67,-599.77,263.76,-582.10,-768.22,-17.41,-233.41,-932.05,-415.68,981.28,-968.62,299.95,-136.72,-352.78,-695.00,543.43
727.09,-879.58,68.88,845.49,733.12,-146.54,553.84,-829.06,-761.56,-999.12,932.78,-917.29,-908.52,-127.29,82.71,135.57,851.92,-372.73,209.96,-573.39
809.82,732.20,-374.94,-429.12,-951.88,634.64,-855.25,-546.67,-432.86,-816.41,-968.36,-240.46,709.78,-487.92,-203.92,-467.68,499.55,4.07,-572.76,649.82
489.22,-358.45,-751.48,992.71,63.13,105.01,-814.62,730.83,998.49,-18.99,631.97,-850.16,-362.87,178.22,204.87,244.77,-701.45,-431.87,-544.20,292.04
-622.37,522.23,-491.47,-555.48,-18.95,-33.19,682.94,981.34,436.29,-253.04,-624.68,370.07,-170.11,-776.53,-151.57,902.66,-158.10,-742.80,-319.23,-13.11
964.33,214.17,-590.25,686.59,580.47,-203.93,-812.62,138.61,672.12,994.67,9.91,-785.99,973.60,189.70,21.12,210.40,324.27,105.99,-591.97,885.47
-420.63,889.49,90.88,-752.35,-81.32,802.79,-250.59,702.85,868.24,-381.48,-492.29,67.47,263.25,397.21,-389.41,-533.61,474.50,863.02,112.19,951.65
-360.80,269.75,-984.92,-789.28,-83.31,-413.88,736.20,885.78,-782.69,-556.51,576.78,-37.00,748.22,717.00,216.31,-286.88,-790.86,-576.09,-336.85,148.14
-877.98,494.91,-980.79,-670.32,495.22,140.71,-782.56,110.41,-369.27,-201.47,-555.68,-862.28,720.40,985.77,-459.26,830.17,249.54,704.64,308.34,-710.77
-478.24,261.69,-941.30,-716.07,228.68,-610.10,-246.46,890.90,942.29,-772.72,43.89,-582.18,737.02,-831.31,-503.02,-502.89,901.09,281.81,-633.92,-920.72
-876.37,-691.41,-513.96,482.68,405.92,101.75,139.39,-813.94,218.77,660.18,-496.91,807.15,66.98,-936.79,184.19,-640.34,544.28,613.98,511.66,902.33
-510.35,79.10,738.37,791.78,691.30,195.33,44.80,366.14,-384.15,-236.75,513.22,587.57,-234.56,-822.85,-264.29,-673.76,81.84,-623.12,205.79,229.29
-116.56,-298.95,436.47,46.01,465.59,938.03,65.48,-48.52,593.10,867.07,348.11,-45.37,287.97,208.32,-832.76,803.08,145.44,979.66,-774.66,419.26
-287.39,110.13,186.73,-625.42,-598.34,-943.71,-313.28,-648.16,-901.58,-781.21,-974.21,225.33,943.90,-52.06,-391.34,533.17,-345.30,-357.27,44.36,-171.23
-864.15,-209.05,-211.65,-988.34,405.04,914.84,600.97,208.42,71.08,872.77,-612.37,851.76,715.35,123.23,-745.67,431.70,614.08,-104.82,-471.80,-824.90
-34.59,-740.23,321.71,-454.01,959.38,811.92,-632.44,-711.58,290.56,-472.92,-658.98,-979.34,792.08,-995.04,723.57,765.67,496.43,678.05,-644.30,-326.76
675.68,-492.56,-848.31,979.44,-392.20,-385.31,740.14,-137.59,-796.31,443.54,-42.98,-945.75,-379.64,-820.20,-908.39,-452.59,-266.09,-681.05,408.08,386.58
-862.37,-188.12,899.87,-420.90,934.55,530.36,-843.98,-782.85,-120.69,588.57,528.38,-112.51,-839.98,41.52,-742.87,-635.72,800.37,462.86,-730.85,483.30
839.88,-312.75,-731.16,340.98,-495.63,-359.87,538.00,-153.08,-814.60,-491.93,-993.72,-197.55,624.05,450.16,-623.29,-537.07,805.81,193.35,149.81,-140.04
79.40,373.95,83.57,740.50,-498.49,359.37,-51.70,0.51,77.86,-32.50,715.62,604.30,676.87,70.59,359.19,-442.72,-652.19,551.31,570.58,-330.86
-857.49,-507.92,943.95,922.35,44.37,255.23,-397.00,-9.25,-744.53,205.17,321.06,464.87,276.69,976.49,-553.77,-8.28,621.69,-430.78,-364.28,613.24
643.27,-326.18,563.88,105.64,-727.18,24.26,-601.63,83.34,932.84,-63.66,-279.08,-389.37,337.97,-805.65,-200.83,-752.83,-776.56,72.13,-143.45,78.75
338.01,-670.52,540.37,-741.24,984.07,-65.72,-61.94,629.72,875.25,-538.32,-964.09,-475.80,-568.83,370.62,-284.33,913.70,412.13,577.03,-461.11,-633.05
720.92,-596.73,-996.34,-62.00,-968.03,-357.57,871.91,-434.47,114.55,899.46,965.65,-878.71,481.65,398.10,-236.66,-320.44,262.40,-212.48,-109.79,-119.35
427.00,-890.93,-314.61,-417.64,966.17,-747.88,597.10,-282.11,-866.14,269.23,-884.39,-321.46,-759.75,-287.62,261.93,-966.40,990.46,-649.85,923.26,770.53
-905.45,327.25,583.43,-20.10,-568.12,-582.45,-330.50,-650.87,907.93,-358.78,568.02,366.93,-538.97,-588.62,-670.40,-139.70,-93.15,30.64,-607.58,295.60
-559.60,-335.51,738.63,-219.30,-141.63,345.67,-83.85,-368.28,94.83,-265.62,217.43,-762.59,-330.95,52.56,391.96,-54.74,-318.80,-692.19,223.57,-889.73
-38.43,213.20,-398.77,508.20,902.37,298.97,449.41,-764.41,754.26,940.52,-103.23,-980.41,128.64,-846.03,-992.25,25.96,254.80,-705.93,-445.88,802.60
-624.30,136.36,664.26,103.73,-647.83,-351.97,-741.22,-502.64,291.84,789.75,-580.10,790.11,518.11,698.09,-172.56,-854.47,-99.67,96.24,-664.34,815.56
-208.45,285.77,35.30,-853.97,361.85,230.97,113.05,-738.67,686.40,532.53,311.48,-160.62,649.87,-339.41,-36.53,801.49,617.91,-69.64,816.01,-995.16
680.40,-982.84,494.33,149.84,-239.96,478.90,-740.43,-364.13,-329.72,-468.21,-179.60,430.43,308.50,102.44,932.88,226.70,-688.14,791.70,155.07,598.05
680.11,185.53,312.50,-456.66,805.87,-47.76,-477.40,802.56,878.63,-331.35,-549.61,977.35,367.33,-909.66,-316.96,-274.10,308.70,-254.17,838.85,280.90
-409.60,462.27,829.68,231.25,-948.75,57.60,943.80,-4.47,29.66,-930.53,231.58,-0.18,157.22,979.30,-513.61,-322.21,392.05,-796.57,164.95,20.77
-381.39,-592.60,755.17,-178.64,-624.66,-395.21,-52.01,198.47,-260.37,-248.57,957.65,669.37,535.73,292.02,-986.88,-268.67,-819.27,729.42,-742.23,-686.69
550.86,982.61,237.43,-556.41,-205.68,989.54,-591.00,792.55,889.28,-179.31,-453.62,19.98,-33.45,132.82,-50.35,-3.46,-414.19,-547.94,197.53,958.52
-738.64,-584.65,-731.41,-590.81,-558.77,649.10,-285.17,-525.96,-520.50,257.54,-110.22,-739.26,61.52,-753.24,-777.45,58.36,-299.49,-588.55,465.36,-282.36
-541.04,-754.31,695.63,-894.74,-417.24,183.52,-395.80,-372.03,-512.94,959.38,497.38,-996.76,272.63,-269.12,-171.03,546.20,304.64,-479.08,257.92,-851.39
534.32,-342.25,714.07,774.31,877.71,-945.39,-537.88,889.20,-682.53,932.39,-545.00,320.52,-536.45,-494.74,-292.70,20.65,-781.28,-328.07,-616.03,970.89
-120.98,-244.84,-572.74,964.14,-55.61,63.28,227.45,812.96,420.58,-760.22,213.11,586.84,846.18,-53.50,-448.96,386.93,120.16,932.03,847.55,-622.23
994.12,52.44,885.37,366.41,-36.98,959.89,-950.19,-707.97,412.70,299.93,-288.73,961.60,869.73,106.23,711.08,-670.83,331.95,931.21,308.17,-352.91
-672.95,829.66,26.88,485.36,-484.63,517.73,85.86,891.20,21.70,-939.68,838.52,749.34,-200.09,-589.54,-276.58,-452.56,-155.31,537.21,-768.53,241.51
-390.23,943.63,-499.19,798.29,-774.72,640.57,457.69,66.05,-89.24,182.22,725.18,-180.07,-131.66,-726.99,-410.78,239.80,-475.64,-796.77,-63.32,-987.46
-422.94,908.57,-63.45,-812.03,714.24,-986.63,37.55,12.80,483.70,-111.77,236.37,-976.18,290.31,217.52,800.42,-525.61,-466.86,-587.02,-958.24,-837.07
-716.07,433.85,59.47,-587.38,-92.66,176.65,276.10,525.17,-188.13,-905.58,701.62,482.33,-458.89,-952.73,-732.04,244.18,-401.34,-644.44,-678.68,551.41
-58.12,954.12,955.12,108.20,-938.87,836.28,637.55,825.89,-886.79,-859.06,601.40,972.46,-329.44,-713.39,583.47,-489.78,-670.78,482.42,448.24,763.44
575.90,400.68,-627.60,-976.40,156.93,529.46,130.10,-888.61,233.17,-230.50,-684.34,303.19,-552.23,-544.39,-719.59,149.05,-756.57,-125.76,342.15,147.50
156.24,800.55,596.70,909.18,238.39,-227.50,170.18,722.28,-88.14,543.77,907.22,744.34,115.67,304.65,-868.27,-569.10,493.44,310.63,-833.28,-750.76
-688.00,568.53,-616.69,484.66,357.92,323.83,-916.79,-722.25,957.76,238.45,370.15,995.92,-838.72,876.67,603.31,785.41,560.44,703.19,-268.00,-923.00
18.61,-782.82,919.87,-949.35,779.87,-687.41,370.92,662.02,473.02,-562.90,-917.89,-107.92,-229.97,175.69,-444.20,-219.83,451.48,-80.49,-454.96,-257.67
387.39,952.99,-268.17,525.94,-986.90,-364.40,-930.02,69.93,996.74,-800.78,-292.29,-408.20,-644.77,-673.86,561.88,-297.64,51.57,-856.29,82.16,-145.52
593.10,384.81,-517.12,-805.29,-580.22,152.76,-337.03,716.64,428.01,28.46,515.41,-594.79,-962.22,-420.92,-870.11,417.74,-857.31,-93.64,-173.16,-922.45
-801.97,545.62,674.53,746.93,957.79,32.29,129.23,-645.71,-827.64,-215.99,936.60,109.33,228.08,-31.84,-317.92,-51.59,765.10,908.93,-286.59,222.56
361.08,-656.56,711.42,-776.39,-46.30,-947.46,-567.54,409.52,-445.64,717.55,-853.21,660.78,575.90,-228.18,-319.01,472.24,-141.53,81.21,42.13,-309.43
-79.54,258.10,-531.48,-152.49,-98.54,-511.13,-810.56,915.71,709.22,-713.08,-64.71,449.87,499.00,887.77,-180.91,913.33,893.76,827.55,-209.12,289.85
-668.96,-31.13,-104.94,-593.82,306.84,80.27,697.78,394.12,712.49,760.24,-551.53,565.23,-226.55,-555.01,817.55,725.85,526.17,280.44,-960.66,-102.76
-245.16,68.66,252.26,-73.12,-822.33,623.24,554.25,-141.79,82.94,-78.24,303.12,140.49,556.68,13.58,679.93,534.35,450.99,645.22,-761.87,84.88
143.46,240.08,-24.25,158.06,-475.03,324.11,227.52,-451.58,253.89,511.71,-415.75,-419.08,-71.84,-102.51,881.13,-834.30,846.51,-539.37,663.83,-231.58
-778.45,-391.39,-212.51,-160.30,301.56,259.38,-253.75,884.16,-23.63,-860.19,-420.68,793.49,-383.97,81.03,-725.18,-557.15,-921.44,-496.04,25.44,-216.28
-164.38,967.19,350.30,-840.74,647.85,958.13,-261.25,645.19,-106.10,-309.82,93.00,260.32,-750.66,70.01,661.55,649.63,-686.52,-903.99,-971.20,568.84
-731.02,-420.90,-999.49,258.95,227.80,-667.23,-863.05,-897.02,-117.29,-27.66,784.41,175.10,-735.04,123.09,534.41,518.38,602.55,-94.39,989.92,611.93
-711.36,-844.77,-993.74,-236.10,-515.76,-683.00,776.23,-116.86,107.00,-283.04,-641.76,-849.18,864.35,530.91,-26.27,-944.03,-539.82,646.44,509.89,-484.99
15.33,756.66,-521.44,-291.84,-8.84,-430.84,971.67,429.11,731.53,619.86,929.63,113.56,326.11,787.40,-20.12,61.05,-903.34,-854.33,-303.53,-106.21
-71.72,-590.34,339.17,-563.99,314.03,-294.87,-826.61,926.41,818.10,-582.22,932.14,92.24,-822.16,-272.07,971.97,121.06,719.18,110.96,996.79,-370.44
831.36,-453.18,-671.15,-941.15,346.43,974.06,-887.89,527.70,-27.67,829.74,977.98,757.90,-819.57,-357.87,-273.15,-222.06,178.56,-291.90,819.82,-566.71
581.63,131.91,698.95,428.71,15.83,-48.79,207.54,-954.66,122.05,-617.25,276.39,994.09,-873.52,-531.81,816.59,-169.51,-474.39,921.41,-376.23,612.81
-403.71,850.62,947.54,-685.64,-556.02,753.47,79.00,625.63,-626.18,448.84,139.02,776.14,-385.17,-834.94,-866.56,463.13,612.28,434.58,-7.40,-688.05
243.50,954.45,364.04,-237.12,-784.69,736.73,986.83,19.74,-281.94,451.99,12.30,397.75,629.15,817.88,-785.05,-414.13,698.38,-91.66,996.38,472.65
602.51,126.76,-104.24,885.35,448.72,-475.25,-578.08,602.60,335.72,-115.53,86.30,535.54,-437.28,115.36,-961.33,-973.26,-857.74,-654.57,-667.18,951.22
-518.91,-736.79,-283.76,-526.67,-316.23,-217.94,302.79,-344.12,-500.77,630.77,287.87,-39.26,961.57,-217.54,962.13,-298.64,-411.14,251.93,39.76,889.85
54.03,619.42,-706.98,93.28,-421.83,-65.87,959.70,539.63,240.31,-164.14,184.42,-338.93,779.80,554.29,-177.32,-545.80,19.48,-834.25,194.27,-170.82
679.53,-966.93,-829.51,-616.13,-538.77,-77.61,-376.38,-687.16,-798.65,-190.63,-524.07,796.06,-733.84,826.70,545.15,-610.06,-514.10,-288.51,344.18,717.98
-202.80,475.76,114.41,701.70,-949.46,-604.25,-93.20,928.55,332.13,-521.55,763.23,-308.96,84.95,-824.88,-949.05,-437.30,-225.16,42.48,-152.76,533.21
-789.03,-297.62,34.65,-62.45,-576.75,180.69,691.71,742.47,15.52,48.08,936.22,967.96,-309.69,58.64,-147.06,213.40,253.65,-819.78,148.30,891.89
250.07,239.87,-370.36,34.26,-882.61,399.62,-709.89,757.52,881.18,-15.35,253.03,201.19,707.59,429.26,260.34,-630.54,84.28,849.27,-811.81,-172.29
58.01,534.01,-688.35,966.57,359.66,728.31,633.11,628.32,-897.37,-532.96,860.30,-712.24,741.67,197.82,927.67,209.90,-108.18,-479.41,412.18,-116.45
74.02,35.53,-894.07,-22.50,256.22,-766.62,-496.20,-740.22,446.76,211.85,-972.47,542.20,-245.19,-884.21,131.37,571.29,-772.55,933.74,378.23,6.13
-226.26,59.05,99.40,308.72,941.38,698.37,-563.25,175.83,312.30,-426.63,329.03,344.25,704.59,-20.42,-255.91,-315.76,-837.17,349.99,176.70,-297.04
-768.26,928.15,-879.43,-349.61,-593.92,305.18,101.75,-22.38,-667.08,531.39,-251.22,912.25,259.50,963.33,728.22,766.49,-583.12,343.03,-538.97,-586.02
-146.32,488.47,-467.69,310.73,587.86,729.35,65.62,265.20,-9.05,758.03,-566.92,-629.33,51.10,111.42,-45.02,-594.52,825.77,-501.74,-200.36,627.64
-621.48,365.67,-588.66,-385.57,-945.03,-272.24,507.54,162.99,703.03,-551.05,752.99,831.12,785.40,868.91,-568.31,-732.11,320.41,-137.34,859.49,280.92
-582.17,-517.54,-190.69,755.73,665.09,751.65,466.72,-541.40,-268.27,131.04,-702.94,-662.36,831.43,-332.65,584.16,988.08,-732.51,-898.97,201.21,791.53
-706.52,-294.45,79.07,-873.32,-197.25,866.68,-801.42,-686.53,802.40,-748.32,-938.35,-360.27,-0.59,-181.14,443.87,969.08,-283.78,921.72,305.40,563.60
490.41,-25.10,64.45,200.87,6.20,-760.40,672.53,718.87,568.39,-587.95,-104.54,318.67,836.16,315.14,250.53,255.77,160.80,-541.69,-274.02,80.52
-527.13,639.79,923.39,835.94,-857.54,19.96,116.94,366.12,980.77,59.37,-185.73,-163.42,147.70,-2.69,895.17,684.10,-913.90,-921.66,417.40,801.40
-155.55,-42.96,279.36,15.83,118.97,904.39,-497.43,-371.52,-885.74,-854.96,297.62,-176.53,725.93,-397.46,47.91,330.19,-791.29,33.82,-8.82,-175.61
301.79,-645.67,-902.80,643.63,-393.21,489.43,834.20,-853.67,-693.41,-598.30,-199.52,-216.10,-627.80,-180.33,-27.51,-269.74,273.77,210.96,-810.52,-585.94
913.93,-170.82,47.65,-509.36,-945.18,998.28,-434.58,936.96,-19.59,-504.44,-649.21,320.90,919.58,-281.65,-9.01,783.89,-443.34,-804.15,280.68,561.99
-592.51,832.21,341.65,-702.77,-799.00,497.39,-359.36,-939.39,-345.97,667.22,569.24,-834.98,-1.83,951.98,-517.04,-198.95,393.82,-974.68,656.37,907.22
-661.32,362.10,692.08,315.54,-390.15,466.66,-532.87,726.10,27.87,-161.11,725.07,-173.94,-40.85,-644.38,-263.16,213.51,-641.89,467.00,-613.42,-287.06
-428.28,-565.11,-602.32,-158.40,-201.78,507.84,-906.96,808.16,-926.25,458.00,-369.99,553.62,426.85,-897.44,615.82,555.71,15.10,-105.45,-988.08,868.19
100.73,-813.09,-132.05,-207.45,-495.25,-453.28,413.55,-677.39,487.15,-618.12,-724.92,-648.37,-231.04,-975.57,306.29,-649.40,-543.96,-557.63,448.66,-252.25
90.86,-780.95,789.29,-513.69,-427.69,808.57,-197.03,609.89,-852.24,-254.12,-392.97,301.84,-258.76,-645.45,464.48,922.86,-891.71,136.44,565.41,260.11
186.00,848.06,640.80,548.82,-523.77,685.59,-797.53,496.96,787.02,824.68,-234.90,-127.43,817.43,-158.54,56.65,-805.84,626.99,-226.83,212.83,391.40
703.00,-359.17,21.97,755.20,267.07,605.03,498.69,-848.31,231.48,-760.09,-814.81,332.13,5.98,-679.13,-824.39,359.85,270.40,444.01,-195.36,-886.54
169.12,-605.25,392.49,-985.94,-238.36,206.98,-915.03,-271.68,942.74,823.33,-94.17,300.88,-409.84,730.55,846.85,-483.75,924.57,386.86,269.21,-383.18
612.70,877.11,-465.46,-430.51,62.06,-398.78,895.01,930.09,-204.00,142.74,379.94,-392.91,-701.66,173.92,-943.30,-994.38,403.81,-574.18,-543.20,351.03
211.78,500.45,-498.36,238.90,-251.97,62.72,-544.41,-11.47,-766.13,905.45,-957.71,-206.98,-615.07,166.88,-735.01,-569.70,-723.29,-192.83,324.93,-179.54
301.81,455.36,644.27,-76.78,-616.79,668.09,-759.94,-748.12,790.73,423.32,481.75,-451.96,-997.69,98.55,936.04,564.16,858.04,89.33,744.64,-926.36
-759.42,-316.50,-463.72,-485.11,119.73,-25.37,464.09,-29.98,359.66,-459.00,-512.90,-614.42,960.59,-499.52,-513.03,-879.51,-244.93,367.72,397.45,929.33
-617.39,-686.09,794.48,-590.98,551.18,731.30,-246.85,-132.27,-280.92,-413.80,-246.53,136.22,135.12,912.31,-237.61,345.32,-7.14,135.17,-211.80,898.31
-47.34,368.81,-671.43,870.11,-335.05,-934.06,907.84,502.87,505.79,963.26,793.05,-21.56,-834.37,641.46,130.45,-977.60,6.14,-455.49,-441.37,246.66
663.88,-388.73,-391.54,-572.87,-80.70,-486.88,972.30,-745.75,-459.08,-325.88,645.93,151.94,-161.43,835.43,466.79,887.48,-663.63,646.16,38.49,650.23
280.49,-101.37,884.58,-871.36,-583.28,-0.58,229.02,-220.11,40.18,793.94,-953.47,-931.10,475.45,506.47,-686.76,850.47,176.76,260.82,-36.35,-301.76
667.96,185.29,788.12,-127.23,966.03,808.79,-297.58,947.36,-877.53,887.84,-499.42,-933.64,-60.77,-613.26,-133.67,-374.03,-425.57,868.19,-979.32,575.78
-379.08,-290.17,922.70,220.96,273.07,924.83,127.63,713.59,-198.70,-39.88,-978.54,-744.45,800.30,497.10,-357.22,-491.38,145.20,895.85,637.77,-712.44
-804.40,-308.56,-275.62,-136.52,-582.59,-821.05,194.04,252.50,84.88,-310.28,-255.15,-973.94,607.81,516.62,-997.36,-856.86,-307.57,-276.83,-353.46,64.20
116.36,8.89,-690.97,720.18,151.60,-435.53,-327.60,221.62,-819.16,614.17,339.60,-798.21,-909.55,276.60,968.29,-585.05,268.62,644.92,-755.88,-990.63
-823.66,-809.45,695.53,-612.50,-904.65,-542.17,59.80,-735.63,886.81,-753.18,942.04,261.62,951.49,903.05,660.21,-39.90,-297.67,-749.89,413.27,-606.31
-12.11,-953.93,-47.59,-67.98,987.95,948.23,-836.95,195.38,527.64,573.69,725.67,298.41,-702.06,-467.73,-914.09,272.63,-362.38,-672.78,-735.76,413.93
-0.64,740.92,-495.52,16.43,-292.29,-541.03,-299.12,118.30,-462.08,294.95,509.29,651.19,-870.76,637.20,-989.82,-337.40,173.39,364.53,-28.65,-963.00
258.36,-287.03,267.49,331.50,-160.77,572.22,-254.82,673.76,747.15,-719.94,504.49,425.10,511.33,-857.75,-950.47,323.13,22.88,314.23,-879.84,65.79
463.06,-873.81,729.97,-901.04,993.20,431.45,329.91,-838.79,-321.56,837.64,703.44,-954.46,961.70,-472.35,-707.77,410.35,-550.57,-478.17,-426.28,709.76
126.87,917.51,-642.04,-750.83,-969.03,-7.13,609.16,-479.21,120.44,340.01,573.34,-84.99,-550.78,-92.46,551.13,207.76,-363.61,692.45,-148.54,-257.15
-87.59,-948.33,916.53,935.55,-510.10,-270.75,-862.32,-849.50,606.20,469.01,888.59,-25.99,66.30,-108.73,797.92,-967.20,-787.29,-612.20,-403.82,-599.14
-74.73,658.64,576.68,90.20,-293.23,538.59,-729.96,-123.38,353.75,-837.83,820.70,-913.15,881.08,-410.25,383.13,746.53,-524.96,236.10,698.84,255.00
138.07,-186.88,-918.00,-545.34,-999.55,-658.90,728.16,-588.63,-45.45,-239.56,-495.29,117.56,154.42,-726.14,-61.14,-191.54,-159.01,-224.72,464.61,212.95
858.63,-94.03,-880.22,-576.03,952.23,734.89,449.95,-783.70,502.27,-316.88,372.39,-807.18,-350.08,-378.57,-591.46,840.02,-686.56,-891.25,971.77,212.71
-431.79,668.94,183.97,626.20,-275.09,415.05,-499.29,-443.40,-180.57,-443.00,396.70,494.26,841.67,250.17,-872.38,-991.51,514.03,211.17,-315.67,-325.82
-90.52,378.61,205.43,-98.89,-589.25,818.42,665.51,-106.77,481.11,368.40,955.52,461.60,-558.66,-387.00,-135.38,99.64,-378.69,-262.23,-309.82,-227.23
758.32,325.10,-122.91,-94.53,-407.76,-938.14,808.43,-391.01,555.55,-877.24,-620.66,121.72,479.83,1.82,464.57,887.59,828.06,17.51,625.78,500.88
-743.60,-303.28,-507.02,900.37,668.18,893.04,166.41,435.80,-989.81,-754.83,-869.82,-28.56,-169.52,763.15,-963.27,-743.88,-441.98,-526.00,-147.20,12.98
759.72,462.50,756.32,923.71,-268.11,561.26,-869.92,847.73,537.04,856.95,377.14,-637.18,-545.73,-302.21,810.05,-24.64,65.67,-329.07,665.72,-391.86
-419.20,919.19,-411.35,-413.38,-640.81,-296.01,520.86,929.65,822.67,793.96,-123.33,-306.30,-757.40,-279.42,78.31,-519.08,-619.35,-220.57,-753.16,-763.09
-181.10,201.09,-629.55,-287.72,-76.38,148.38,-510.01,-774.54,-500.71,-64.07,-524.72,10.03,-517.26,691.57,-910.69,473.61,852.05,-23.25,8.46,-558.41
-153.28,158.32,-163.90,-163.92,-966.08,-860.27,372.09,-271.45,556.34,232.30,-775.49,349.23,-880.28,234.62,-676.72,932.93,542.22,476.05,-521.53,562.03
992.03,-656.24,204.16,-767.90,146.25,-497.75,350.48,-31.12,434.00,169.01,-333.50,-788.82,-225.11,-696.25,-32.54,399.93,-270.60,202.97,-119.97,421.56
656.00,-245.50,167.91,261.71,-612.55,358.93,-163.33,173.92,616.01,574.28,-466.87,-770.33,-627.65,873.46,-977.45,-481.34,429.39,-76.25,54.26,-178.23
382.65,-921.38,-141.01,560.30,666.94,991.87,703.27,235.74,140.59,490.38,682.28,-166.61,-920.45,-702.02,283.27,-374.05,475.74,-929.78,-227.47,-256.16
-376.39,-208.14,-706.05,-406.77,-501.05,-702.27,-470.19,632.79,-989.69,-580.58,972.68,-852.48,591.96,-987.29,-357.77,-100.07,-724.55,898.29,374.31,-33.96
-254.27,400.19,683.18,261.03,-102.59,-227.81,-126.08,-642.95,134.02,509.80,-802.77,-210.72,620.18,-508.74,-758.02,159.73,-996.34,-302.97,-218.34,-231.78
130.59,-995.98,228.49,-910.42,96.62,136.28,-386.34,173.34,-850.23,409.82,190.71,573.60,-642.67,728.38,27.76,663.81,943.72,812.57,-988.41,964.53
702.33,-361.79,244.76,139.31,628.15,-648.71,-893.73,170.47,973.66,-863.39,-121.53,-678.72,993.25,305.38,508.41,903.66,-760.60,-574.07,-490.97,478.84
956.64,312.34,304.16,676.91,259.47,173.35,-844.19,979.12,-836.77,141.52,15.75,804.37,601.57,-664.30,600.70,974.25,-668.60,303.54,-644.53,-199.95
917.01,-298.94,387.83,-592.39,722.70,-863.93,-27.62,826.60,931.28,957.99,469.87,18.76,49.65,5.01,149.24,-212.55,674.27,628.33,183.78,-156.16
622.31,-56.67,438.71,169.44,65.30,343.25,117.54,-162.10,-487.43,323.53,333.73,-762.58,-230.03,-308.75,-158.30,-995.07,313.75,954.53,383.07,282.89
-269.90,659.69,-228.32,485.06,43.87,785.30,-189.57,-916.15,924.66,-568.79,565.87,916.12,174.61,617.47,462.68,-775.69,205.10,-529.33,-509.26,794.16
-734.25,-961.29,-522.42,-896.86,-691.52,-161.35,-284.49,775.04,524.28,-501.67,592.86,841.05,690.08,430.78,-153.85,-170.31,949.10,947.60,693.45,741.78
118.16,860.14,-204.57,-622.90,-759.14,-693.48,-749.16,-841.07,-480.59,-520.45,-246.44,373.23,-336.53,-714.27,406.74,-689.15,-298.06,615.98,-938.23,-843.33
293.68,608.93,936.88,807.21,-140.14,-265.38,-513.01,551.63,230.80,462.70,728.17,933.00,-7.98,675.81,300.21,-846.26,-213.54,-309.25,36.59,-349.11
892.44,-315.75,-699.91,301.05,345.45,-499.14,921.69,342.93,-596.31,-204.71,446.50,-597.33,-580.24,-573.56,-729.40,568.28,436.64,-88.91,635.58,-707.40
221.86,353.18,361.31,-136.47,58.32,395.40,-913.07,126.45,473.50,465.92,-204.65,-803.26,-1.20,673.26,808.66,-819.99,286.57,-652.50,-965.48,504.54
739.81,-330.37,-894.20,-325.10,421.19,266.45,407.56,-133.26,741.97,-729.05,270.97,-78.82,727.18,532.97,-614.83,-340.44,-352.98,922.76,-831.88,421.37
454.30,857.13,-521.01,441.15,156.87,715.15,-343.62,53.13,609.08,858.75,-260.65,972.46,624.15,6.33,753.80,734.02,-395.19,-977.33,-66.82,-374.63
-439.67,-667.50,-86.45,-312.48,-632.32,744.61,-930.56,-128.21,515.86,491.18,-827.08,-359.53,-757.85,-743.57,-970.80,-440.59,188.35,788.44,463.16,324.44
-881.15,-479.23,385.01,-953.04,-718.05,-244.87,317.48,-304.62,-432.87,-921.89,-456.72,146.46,635.69,-891.51,255.25,887.41,-411.76,-345.46,932.96,-176.28
-6.82,-693.71,29.10,-74.68,699.79,-692.31,-812.15,-531.94,791.20,-642.76,520.68,135.52,566.64,634.19,-405.83,627.02,877.55,984.50,830.55,-878.52
140.10,-677.24,625.51,-781.79,375.48,664.33,880.03,-415.10,772.63,-606.99,-172.73,843.28,-942.57,825.55,642.98,902.00,11.92,878.92,-240.67,765.70
-675.95,-427.53,-855.16,-527.67,-912.69,-279.73,905.77,-592.12,-570.53,-644.86,318.91,856.54,856.07,-945.37,308.15,-130.58,632.69,-436.77,-930.84,-175.48
-938.44,576.97,-4.08,-389.95,-762.42,-283.04,112.05,-332.63,791.78,-181.32,-840.49,460.09,555.64,292.09,549.85,560.97,-633.87,775.21,981.73,666.13
-341.25,614.05,492.19,-343.91,198.60,-964.82,-987.44,-546.35,567.42,551.84,-917.02,-530.55,54.87,-348.11,863.21,513.81,-379.21,704.37,-894.83,709.79
959.93,-637.90,786.76,618.20,-475.42,-228.00,389.84,-220.11,42.74,-650.09,131.32,-517.86,-319.81,-457.00,-146.06,278.94,878.32,650.77,-636.42,664.10
-80.48,825.19,-772.50,-31.12,188.81,-987.12,479.33,-905.09,800.57,539.10,932.01,140.17,-249.43,652.85,358.45,617.39,-825.83,-445.01,-699.83,-860.97
-631.66,-830.27,418.11,944.45,-933.48,-91.90,-762.93,-208.55,599.90,-87.31,803.49,-928.17,-378.96,561.27,268.28,599.74,-368.77,895.14,-852.73,125.45
7.80,-814.03,-376.20,318.52,232.95,375.37,747.94,408.24,-874.59,-693.65,-923.64,-16.85,-149.59,981.66,-508.13,683.79,330.09,-75.59,547.85,878.20
942.48,-947.38,808.06,-973.34,946.05,-662.14,-584.64,-715.60,325.39,416.94,-13.43,238.14,-806.80,523.73,44.42,-962.04,697.19,-83.83,443.91,-73.50
-500.02,-784.89,-302.87,900.30,226.26,854.41,-420.39,992.11,718.43,-532.72,790.23,938.68,-867.79,205.33,73.14,372.91,-798.24,827.63,35.35,-171.55
926.04,-987.35,40.55,-724.24,-296.73,-454.09,-471.76,733.49,-59.27,383.00,169.11,816.81,701.78,-414.89,-675.37,26.90,-435.47,-297.49,-625.06,-651.18
-723.48,684.02,494.46,-89.86,-143.82,-909.05,-468.52,800.55,27.14,-565.99,341.05,-527.61,-407.29,-331.05,459.88,671.53,827.54,179.59,782.50,487.16
59.06,-195.86,-3.91,-187.62,-501.19,376.26,-727.21,317.03,-810.78,-633.95,-297.86,836.40,-145.36,-153.00,763.69,-687.72,-352.55,664.76,-325.24,264.25
5.38,-260.00,570.74,0.61,108.58,-415.73,628.70,962.95,-792.64,-502.06,-60.04,748.20,299.22,-842.04,-93.48,-321.59,-688.53,866.17,-798.14,832.57
-729.74,-581.41,-851.57,-917.48,894.76,778.19,-494.21,538.38,839.18,791.52,379.04,-969.00,-322.79,-807.18,-271.37,-0.54,-970.75,443.28,145.84,97.18
101.95,-3.78,-148.33,-471.30,218.14,-82.71,-284.57,-804.93,787.17,-622.09,265.40,802.98,579.00,529.52,432.18,818.23,-570.60,112.25,491.86,767.80
421.79,-212.27,635.18,681.89,289.32,-204.34,-628.31,-994.55,294.85,-387.72,85.33,-154.71,714.47,-919.80,428.14,-983.17,-547.61,-370.78,16.78,954.53
-463.43,776.08,-480.38,665.84,-15.39,902.87,662.58,-445.89,158.89,-275.86,183.66,233.53,557.26,588.38,446.75,958.39,642.03,906.13,-635.73,811.48
-458.93,85.52,881.14,-447.30,-594.09,-589.44,-889.24,619.24,-783.55,537.84,795.26,663.58,-770.33,-595.97,-407.42,-817.33,-863.34,-107.54,734.45,242.87
-832.12,-56.93,678.41,-440.49,-715.47,223.50,950.07,-742.54,-963.48,792.00,-609.85,507.05,-962.30,-150.16,56.89,333.01,-373.45,470.53,-414.12,474.72
-767.53,533.03,775.75,435.59,760.77,-919.49,129.13,39.46,744.97,-184.10,-663.64,-368.47,458.44,126.13,-815.75,673.02,913.86,-928.23,-78.52,107.22
224.31,-357.85,671.60,-326.28,228.67,-860.70,108.59,347.11,-947.22,-87.07,-278.20,-473.78,263.39,527.15,390.83,469.98,104.74,-200.54,307.01,778.98
-141.62,-377.92,605.54,-898.07,-485.91,866.34,-38.37,690.98,-695.57,456.77,997.28,600.50,-330.64,159.83,88.51,473.63,224.76,-374.83,586.18,-626.08
-424.09,-370.03,664.84,-986.87,386.43,-72.57,-326.23,-863.56,368.82,-178.32,-664.69,-714.50,471.90,-262.96,992.43,-927.32,247.68,-933.56,277.21,673.93
-394.35,-227.41,-31.01,877.01,268.33,-197.05,70.03,-24.49,604.06,567.99,-873.55,-149.42,163.31,839.63,-273.72,596.52,540.71,-518.24,-118.60,-439.65
-972.23,-24.86,779.57,577.46,-967.10,-234.66,65.46,-118.44,-855.40,-443.65,-941.03,260.54,207.93,674.84,59.01,-242.14,38.75,441.74,454.18,-973.11
-170.18,659.15,-911.84,646.24,500.34,-245.81,-123.72,730.40,352.37,347.52,100.86,946.61,-555.36,-118.34,-325.43,-944.11,226.57,-913.44,37.25,-741.97
531.05,847.04,-642.16,-674.28,625.58,796.57,-790.00,183.36,-175.43,113.22,383.04,383.17,-67.03,162.27,322.20,745.48,-489.24,479.10,97.36,-151.56
-322.48,-695.70,883.99,254.50,-375.83,90.20,949.48,-670.48,-59.10,653.45,-823.17,-845.14,84.59,-519.01,-9.18,699.65,771.21,157.34,20.17,-942.41
-226.61,-561.69,-856.07,-508.82,-591.20,191.90,790.95,-272.44,-159.82,27.24,-453.31,-710.34,344.72,851.79,-640.62,-685.69,-29.08,-301.62,-868.70,-869.37
-889.19,-988.41,-404.02,657.31,-88.51,901.90,-119.53,-478.52,-700.26,526.14,47.36,-485.57,-951.64,-785.34,262.51,588.78,323.12,699.66,-446.95,568.94
104.20,-35.05,933.01,-188.90,128.76,-874.62,-157.86,-849.29,-503.71,-584.08,-214.38,-423.56,-958.74,912.95,-138.50,-364.14,194.09,-440.84,84.95,-565.74
60.40,200.92,-243.64,-839.53,-881.79,10.62,-274.31,-972.57,-209.43,-370.00,-283.40,113.85,-389.88,135.75,640.02,-941.47,-332.24,891.08,-553.06,210.00
-700.57,666.46,-384.27,-880.67,226.76,493.27,-686.37,179.11,-648.32,199.68,329.26,936.23,139.95,-452.85,317.58,783.76,903.88,610.60,-85.63,-426.54
-873.79,-957.40,394.34,970.85,-59.58,-567.95,236.32,-232.08,-698.09,663.66,-437.77,27.97,871.58,47.60,-107.27,997.78,-264.40,328.92,-382.13,-205.41
561.68,305.58,-787.70,907.92,194.15,-886.22,348.37,-451.30,268.12,162.14,77.42,-795.50,-234.85,363.16,328.29,485.25,555.72,-138.65,312.51,759.67
681.80,711.26,-409.60,-391.04,638.14,-151.16,-497.82,-684.61,703.78,-813.48,81.33,-468.39,-904.19,13.93,265.31,-28.14,-486.34,520.33,853.58,-597.30
704.66,-634.34,-156.48,616.99,-509.71,-525.67,-696.04,535.37,-681.80,-912.99,-863.81,-289.44,-39.90,733.88,297.04,166.11,595.62,35.50,-608.85,-619.56
859.13,-650.97,-598.33,415.70,-365.78,-576.75,202.39,685.36,35.47,-640.20,309.51,-949.31,188.30,-930.22,66.35,305.92,-887.57,-48.48,100.43,492.33
-50.53,-890.66,489.85,-381.83,-574.05,-30.23,118.00,509.07,471.57,-653.23,776.59,233.19,-355.24,844.46,131.50,-890.38,990.73,908.53,-900.35,-568.29
-194.51,279.04,-492.91,-84.61,359.32,-852.69,149.87,-264.33,970.93,-797.92,681.29,-277.97,321.38,-71.83,57.86,-878.51,-260.67,418.63,-249.66,926.84
410.38,-493.34,651.18,-241.87,-133.43,916.33,231.98,55.18,-467.96,-887.43,150.57,786.97,-480.46,-290.78,83.90,410.68,-695.76,248.12,-192.58,45.85
-77.99,404.56,106.62,-325.29,673.63,627.59,-613.48,731.88,-867.52,-662.30,714.47,473.04,-953.19,-318.18,221.05,-592.13,18.37,-81.29,62.72,-13.21
886.60,-996.64,-719.07,518.59,-660.24,721.99,-818.94,6.86,666.91,-59.63,262.46,35.69,367.96,-809.50,-750.72,-862.11,334.23,-224.99,279.95,-849.57
897.69,320.93,-830.70,948.66,-442.10,-749.90,-5.80,350.63,-59.01,458.51,341.79,-380.66,-896.51,915.30,31.71,641.60,-883.46,13.06,-840.08,215.16
-125.82,-861.52,-693.12,-841.74,-217.75,-569.97,-641.26,-770.26,-377.97,-62.88,-12.66,915.87,-282.06,-575.62,-353.33,805.86,-374.04,888.19,-598.40,567.79
-635.85,834.91,-388.13,-811.04,59.46,748.35,680.49,309.07,-325.90,-711.39,156.94,60.47,-961.92,-424.77,374.85,653.98,36.15,87.70,557.80,-629.30
-752.21,725.26,-246.56,-219.11,-73.16,-259.62,232.57,296.79,133.29,250.86,270.96,521.31,710.20,-206.63,-199.69,-622.61,-271.25,-457.03,189.26,-980.12
-599.51,-638.54,-795.01,-457.21,-652.74,-747.15,-900.47,-770.30,-161.44,-693.32,326.83,-864.54,118.76,-930.06,-131.27,-871.87,650.02,-490.66,-415.88,679.69
915.51,174.57,-354.61,565.35,128.94,501.00,44.61,550.37,-50.15,-815.37,240.47,180.13,897.69,-318.09,469.13,116.70,-237.23,-248.45,6.40,-56.08
78.01,-522.51,24.46,146.02,-161.25,387.17,-487.64,-581.75,-568.86,-808.49,872.74,953.85,128.02,520.31,748.73,256.98,760.98,487.02,104.83,-505.23
-260.57,782.20,927.96,865.10,-713.57,-907.62,1.80,478.34,-449.38,-86.57,-456.84,317.24,-407.54,-176.61,328.38,468.48,78.85,-433.17,-513.62,938.35
-69.01,900.10,-512.55,-858.82,148.10,781.38,-460.68,-401.48,202.33,245.54,669.90,479.87,851.93,-536.49,-410.93,917.27,-105.68,-183.21,-164.28,295.08
-199.19,-541.90,406.53,-824.89,-514.59,-632.47,857.49,-818.10,-591.22,734.27,-343.05,-443.86,879.10,-146.88,912.69,264.40,-731.24,-629.35,-923.22,-139.19
-906.27,-791.65,561.55,787.98,498.42,-74.30,453.56,872.59,393.07,964.86,806.99,900.97,102.08,209.06,-600.93,-865.13,432.08,-329.81,600.71,-235.14
-446.53,-52.82,-416.45,-87.01,-212.52,172.00,-147.11,261.62,-581.54,-625.25,-517.63,820.85,526.40,75.37,165.52,201.13,-19.37,137.18,-988.64,-378.99
532.73,81.27,534.64,93.89,-376.74,188.37,133.72,-459.30,725.10,-863.89,860.40,81.02,-221.24,546.65,206.57,182.07,-44.51,567.86,-100.12,876.53
-514.15,319.53,260.90,88.77,90.19,614.88,288.95,-92.49,-762.60,-187.72,379.79,-631.17,277.36,6.58,807.25,990.60,858.02,-937.67,87.37,-925.57
-53.26,-923.16,-960.65,-123.98,-971.73,-50.69,703.33,297.22,-401.17,-752.62,-666.64,-375.54,-883.73,203.08,-667.40,-890.50,470.04,80.28,564.65,-860.82
-738.70,729.64,-661.90,-524.92,-868.58,-353.03,401.23,692.91,-85.16,330.25,-247.72,-601.71,-674.65,-946.25,758.34,-176.92,616.29,-249.39,-767.56,-977.68
-938.38,-333.63,421.92,59.03,625.07,901.22,819.00,371.25,577.63,-307.63,714.69,-282.74,581.97,-525.92,-193.35,-86.17,-102.83,896.71,-585.12,687.44
-342.75,-885.61,-155.37,304.15,-514.22,938.74,331.92,867.56,751.80,-311.50,688.68,-299.69,81.81,-629.59,816.19,-943.27,-154.07,-703.29,-593.42,627.65
-846.99,293.43,190.06,681.76,498.26,-261.84,-378.84,-662.66,828.25,958.37,75.70,303.71,-866.35,-467.53,-242.72,393.38,353.85,-575.47,806.70,328.68
8.38,914.96,659.90,-11.80,-316.53,277.37,104.29,-980.14,-803.64,-693.58,-165.67,853.15,651.61,565.05,285.19,-945.45,-551.74,679.47,411.98,-895.48
-678.64,-777.65,955.01,-624.69,-439.45,-578.78,879.06,531.59,131.31,354.57,-884.04,314.41,286.83,150.40,822.72,-21.08,-722.44,-811.70,332.37,-543.91
238.97,236.03,801.51,-931.71,-642.00,573.68,166.28,265.28,107.97,15.91,700.85,661.42,462.38,-967.87,-941.13,52.89,472.99,9.31,-41.21,-644.01
-22.65,902.34,2.89,357.39,-292.49,287.67,667.58,535.90,228.04,-939.68,-733.88,-792.65,-584.48,757.78,171.76,-117.87,-288.78,-582.20,-442.70,-714.51
233.08,547.38,561.43,305.61,-811.73,-238.57,274.84,795.85,688.27,815.22,992.91,481.93,439.30,-953.59,101.89,-714.47,-905.47,-508.98,982.72,-29.49
101.03,-606.79,-346.03,490.69,113.89,-644.16,-848.13,888.44,-893.01,174.37,-118.67,-621.97,-872.98,-937.39,903.68,534.22,896.24,932.80,-427.15,-600.27
889.58,53.93,-119.84,363.66,740.81,-24.73,-740.96,-312.73,530.19,-895.70,141.03,-902.92,195.13,0.23,-887.13,-684.56,-643.52,-644.29,311.72,631.46
-507.46,137.98,-389.87,721.58,-308.15,-485.98,-630.85,-420.93,-394.86,463.32,958.12,-752.40,144.69,201.85,513.87,490.40,385.23,101.39,396.37,-354.41
-389.45,-676.47,-631.50,486.00,-943.26,146.45,590.65,-69.60,-327.07,206.95,906.62,857.49,-306.24,-741.92,253.44,-921.92,-709.26,-342.46,441.51,-311.61
-189.37,459.42,-928.13,-840.64,771.75,464.98,-218.74,-737.39,203.00,943.24,-259.27,-861.47,504.86,-749.83,460.76,226.66,-508.59,498.06,818.28,-478.01
367.27,451.35,-804.05,-281.35,-985.22,-461.75,-751.69,408.69,-230.31,66.47,649.61,-547.49,147.20,704.34,233.06,578.61,51.71,39.35,168.28,-773.23
-604.94,191.35,856.44,-76.16,-329.24,-308.27,950.16,605.17,-932.58,-544.71,-584.71,246.53,931.54,437.53,-820.18,284.31,222.87,-33.87,-827.13,-767.38
514.51,-704.26,-633.62,-486.10,743.12,-318.40,863.92,76.55,-785.88,407.08,-550.52,-653.50,846.99,-588.06,230.35,-410.38,0.26,813.35,244.76,903.07
-599.50,315.50,-139.27,-199.33,-408.48,517.70,-373.10,631.50,610.37,-488.21,705.96,151.51,111.15,589.88,-396.51,841.33,-644.28,492.84,-909.84,-274.08
-950.06,-544.89,-765.64,-981.17,-178.77,-25.72,-142.65,-652.54,733.59,539.81,-282.74,345.78,666.31,-892.34,-94.22,-137.98,804.38,-447.82,-971.94,827.86
-196.75,-36.76,-405.13,-168.76,300.40,-464.71,-356.66,11.65,261.46,-284.96,-555.93,-932.95,447.79,620.36,-922.79,-343.46,-151.02,-973.08,-707.88,658.54
971.90,907.04,-430.79,-184.37,-101.74,-691.83,-395.60,104.22,-1.46,-566.51,75.30,-691.84,428.89,417.11,155.95,-814.29,-522.95,384.62,748.96,-746.73
-23.96,577.85,-231.99,-849.23,597.35,-878.39,-915.35,-139.26,834.53,192.24,995.53,706.52,100.35,-697.96,45.44,-521.63,-387.00,-2.48,36.98,-52.63
269.12,450.01,-773.70,-389.64,268.64,281.45,-312.05,-636.80,-692.73,-72.20,919.85,-119.80,975.24,-822.10,-33.11,-558.86,267.37,-873.11,548.47,458.12
663.86,114.78,-601.49,465.76,800.39,-922.88,382.34,667.25,-384.61,49.36,-878.70,-983.00,206.95,-863.16,-705.82,678.79,-133.39,525.16,-156.42,653.27
-98.29,-231.06,25.21,-483.22,966.11,245.84,668.05,-446.10,36.44,527.77,400.79,-824.12,-225.89,310.55,-136.18,-602.87,-150.09,317.00,-866.79,537.34
-858.64,399.19,482.98,482.12,-272.60,931.26,267.54,-945.18,594.40,-456.24,-714.38,-786.91,-982.32,-290.58,-420.49,-458.46,-464.54,-748.10,210.61,-579.10
31.49,-157.41,-976.43,124.15,381.84,713.44,129.28,29.62,620.52,821.48,540.54,-579.59,-321.87,83.07,656.09,-270.11,-848.87,69.39,-490.57,638.11
-821.34,796.23,673.76,610.68,-13.70,-957.69,-708.57,238.82,-958.11,67.32,856.49,-605.58,260.81,762.66,-86.65,935.37,238.64,-859.62,-857.37,496.05
-993.37,-970.43,-264.07,130.30,-801.01,566.27,-769.08,633.20,83.13,550.53,465.91,427.96,168.33,608.05,463.97,245.82,-21.55,-354.02,-986.87,-412.70
432.34,-14.55,655.23,-240.83,508.37,973.60,-527.26,553.13,182.53,-238.63,-521.09,485.24,431.44,-674.40,719.09,61.95,582.46,66.25,442.06,-944.45
524.07,781.04,-242.73,-854.07,-296.38,-758.61,32.10,-27.85,-783.33,723.00,-473.44,977.98,-650.84,808.68,-973.69,888.35,-997.23,900.15,434.65,253.57
331.15,618.35,-764.74,844.40,-94.15,208.11,-849.10,-184.21,-149.00,-923.80,-387.57,765.77,-398.58,507.66,147.23,723.10,615.62,-889.84,101.23,361.89
-958.22,81.21,381.08,-501.69,-977.95,165.73,865.14,308.42,751.95,-122.35,435.17,-615.17,648.77,122.06,41.68,351.50,-917.87,-63.37,-126.14,-696.46
466.20,-266.84,-412.48,-867.73,-345.79,802.07,-933.95,-242.95,-100.66,964.85,148.75,-705.44,-309.84,-115.35,-486.91,875.51,-595.21,345.52,-756.23,-732.69
249.35,-544.08,797.97,-992.31,-583.71,-523.20,-146.45,-783.52,42.43,-926.10,750.53,231.10,-273.16,608.75,-121.40,623.12,298.42,370.74,-708.36,302.27
90.07,722.66,-475.75,597.97,-3.04,590.37,-610.86,-144.73,-623.28,52.41,-768.91,-950.67,430.24,-797.56,891.51,617.99,-353.38,-815.86,41.12,-206.04
765.78,592.28,-461.16,683.00,-108.03,-278.26,-751.90,191.60,-798.03,800.41,893.81,892.89,810.73,-772.45,-130.38,911.85,118.34,343.15,-440.41,904.18
864.28,-714.80,-265.88,-94.34,678.48,499.41,120.74,-603.84,-964.55,860.02,395.59,675.18,-532.23,-215.50,-834.78,134.94,-835.42,-376.54,663.20,117.21
884.53,-157.48,760.98,-545.07,452.06,667.57,321.41,-1.47,-351.72,-696.58,142.37,157.57,-99.55,225.69,-765.78,-653.55,287.70,-347.15,-7.11,-49.20
436.86,328.64,481.25,198.44,-427.60,661.43,-597.13,661.13,-816.82,370.23,-770.28,-929.91,556.64,295.19,-374.45,-895.59,-848.94,95.90,-402.10,608.25
185.46,418.00,-424.62,-47.24,229.92,454.00,538.19,-224.86,-676.78,-791.92,-362.66,-776.93,238.77,907.65,561.27,240.51,990.31,467.33,-174.14,289.17
737.97,905.78,664.73,-836.84,275.70,115.68,206.98,-797.46,538.33,200.63,371.72,693.86,929.30,800.35,-164.82,407.70,482.79,-269.81,614.97,-732.70
-602.02,425.80,559.12,-597.39,-360.39,537.52,-38.77,-622.37,5.74,205.29,-685.57,133.74,981.95,-598.63,-309.16,502.83,62.25,-280.84,89.94,506.44
-109.80,-285.51,-240.53,-977.87,-103.03,598.03,377.50,594.82,191.52,399.77,337.64,-552.66,-936.05,-36.96,-532.30,137.64,701.94,661.19,-399.60,10.55
869.07,408.46,123.01,139.15,406.90,-896.90,248.21,-987.19,-195.68,-808.43,-534.72,885.70,-428.30,-906.34,382.07,559.08,315.31,560.38,-988.47,-476.79
332.93,490.64,860.55,-948.85,597.09,701.86,-690.80,470.20,655.64,-424.82,-5.24,793.70,932.14,403.20,-665.84,-527.69,-934.03,522.29,-77.67,304.68
-877.46,-650.97,-495.48,737.27,786.14,236.95,10.80,-802.64,-974.04,841.47,-370.16,708.97,-610.76,562.78,665.17,-85.66,-811.88,446.10,741.91,-44.61
781.47,-536.05,238.98,-342.70,-36.46,268.46,649.55,161.50,768.21,-934.85,-576.74,575.99,-124.01,-195.30,558.02,776.23,-97.30,-836.60,-992.07,-622.94
365.73,-580.10,-747.89,523.53,-176.85,-951.35,-227.46,821.74,-427.20,-160.28,316.09,-412.90,-105.48,-320.81,-438.85,-50.03,-555.79,-870.70,-387.31,-992.64
-866.57,-822.92,-144.77,-138.64,770.88,-671.04,-761.30,313.38,210.13,259.30,619.34,251.39,-414.77,-633.60,-856.16,942.46,211.21,-536.36,345.19,-613.71
844.05,191.38,-385.53,708.64,-822.88,-12.92,773.04,-893.12,-42.15,-634.90,-872.13,991.84,943.35,536.18,102.56,-825.88,-86.02,768.51,483.33,-304.80
230.21,660.35,138.92,-420.20,-249.56,-168.54,-62.49,-149.70,706.12,556.33,195.06,-936.53,904.98,709.68,-41.18,-190.46,767.08,291.98,296.81,-327.38
62.86,-64.76,701.68,36.39,515.73,-545.83,152.43,-538.11,-414.61,-470.14,-354.65,369.39,-973.73,645.14,358.78,863.80,-271.60,-594.47,186.04,-231.60
-956.83,-889.56,-121.11,-274.68,-100.67,853.24,536.68,-510.02,-428.47,178.53,-336.12,334.82,13.56,112.95,539.43,233.95,-833.09,89.24,-890.82,318.60
524.63,-890.57,-909.62,-470.98,859.81,854.02,-76.77,-172.24,349.20,-555.01,927.35,-31.83,530.78,726.69,-921.43,634.52,-131.86,696.52,478.95,-702.04
-72.70,552.55,-125.82,601.01,288.98,53.75,704.37,-801.37,302.89,-234.13,-347.33,28.92,292.03,887.94,-458.79,-699.06,97.24,-217.29,399.76,-694.31
463.27,-685.98,-406.96,-97.32,-239.86,388.72,245.63,-385.79,-116.79,449.80,-217.68,-159.81,940.92,208.56,251.83,970.70,-127.10,-651.59,659.90,-850.01
915.53,651.98,-372.30,685.01,563.12,-850.19,-97.03,58.61,-757.43,-542.80,-9.27,-279.31,-820.37,527.55,196.84,-708.12,-602.42,-549.42,-483.20,-906.95
-89.03,-843.71,-195.28,-632.97,124.30,-883.79,-293.62,-891.17,-322.64,-84.07,660.31,-611.15,-625.56,426.51,-758.30,306.95,-896.34,13.45,99.00,926.01
-439.25,-769.70,-166.49,878.06,556.80,-247.61,-173.17,-427.23,-424.33,255.27,761.19,-690.31,2.74,747.27,683.69,-98.54,84.78,838.17,397.96,-368.16
468.62,122.19,-305.77,-533.91,815.73,525.12,-249.84,714.33,-379.47,163.99,-478.58,428.19,13.66,-19.78,72.34,-51.87,702.97,595.09,-932.68,18.50
352.03,161.03,400.01,-69.80,-211.23,-395.85,-477.56,-715.90,45.34,288.71,-872.10,-364.03,-787.43,-971.00,693.22,908.09,-117.20,567.81,175.38,615.22
-7.65,-867.78,-933.34,-477.44,-227.03,80.06,-372.28,-975.62,488.12,-375.07,-84.21,-75.27,261.62,-336.02,997.10,-786.06,-436.10,-686.77,467.50,-110.68
-99.53,-940.10,-322.07,43.28,138.29,627.07,-956.57,900.14,983.66,-925.35,986.59,572.45,-410.24,418.62,479.61,-77.33,543.89,-564.92,864.83,446.33
-547.90,489.86,880.57,-496.17,-153.72,-117.51,541.84,-216.39,-753.17,-805.22,-164.81,673.16,-495.46,403.15,901.25,833.27,108.36,387.57,800.77,-109.90
-666.94,469.30,972.03,-71.69,868.01,-870.36,-424.56,37.78,18.89,887.44,-206.25,-610.81,-189.07,-562.77,-46.08,-459.65,-773.49,334.55,-581.43,-948.06
314.44,111.23,314.38,906.49,219.95,-465.27,776.76,-150.68,830.54,790.31,-625.13,163.57,530.70,765.29,475.65,-610.36,242.99,-105.70,-18.26,-899.71
238.05,-374.97,905.89,340.86,-481.00,-393.58,-940.20,-657.63,-595.70,-704.28,793.30,-538.12,556.57,-969.89,-368.19,-204.12,269.03,-166.71,-488.16,684.85
-351.02,129.69,-388.49,-131.58,-592.81,-392.39,-13.75,343.70,-233.24,738.77,904.22,608.17,96.16,264.71,499.68,-673.20,-52.79,-778.61,-479.12,171.39
-328.92,-197.91,322.61,-764.60,308.90,-44.65,-288.43,432.86,-667.24,761.52,470.78,-998.15,905.16,561.29,591.80,410.43,751.91,-157.63,425.55,-715.43
-953.57,-622.69,545.88,-228.50,-506.32,963.71,586.86,511.12,717.41,-691.84,-858.23,174.99,99.92,71.18,-377.07,-501.51,298.64,-718.57,-86.88,-736.80
-719.83,317.30,87.65,-181.11,-150.71,431.17,731.78,666.21,-303.06,929.73,-170.90,-98.21,194.75,705.57,833.44,62.21,-207.74,-755.59,34.54,-504.23
-169.88,28.50,530.10,-787.32,-699.94,-148.68,-962.13,-776.65,-47.78,-980.89,-953.59,-399.98,239.77,-963.45,413.00,-132.62,28.37,-669.93,464.28,328.24
629.49,-780.41,445.23,242.79,-730.00,-658.03,356.49,-6.83,-469.30,-676.22,830.53,938.57,-322.96,-645.74,947.35,-53.57,614.47,-994.50,-336.14,255.83
-32.82,-276.89,240.56,-348.42,610.95,938.52,476.99,-288.00,-472.23,873.45,170.93,-14.39,-208.45,879.49,56.65,-888.28,-356.35,13.18,-768.31,-923.93
-716.22,865.39,742.46,462.87,-705.71,356.07,-382.51,772.13,678.83,-593.89,-799.39,492.57,-406.18,235.98,589.10,479.22,-555.23,-869.87,-729.30,-265.71
-178.55,837.40,-994.22,161.78,-589.83,-722.30,-261.99,-981.46,501.15,-898.86,-347.36,346.19,-97.84,-245.81,-704.84,813.64,419.40,225.30,382.29,309.67
-325.59,100.71,755.82,-425.08,777.87,-570.34,-125.43,-872.31,-914.42,-430.78,-911.13,609.54,-215.61,543.13,-479.32,-561.98,252.10,495.00,-234.40,-887.18
31.63,-426.63,203.81,-305.51,113.11,944.38,-395.81,324.29,-874.43,986.39,-318.65,697.60,-71.88,952.37,357.04,141.20,472.26,116.92,-124.08,-535.63
335.07,987.58,947.02,-693.69,-760.95,477.03,-498.59,974.20,-258.78,417.24,-870.91,-775.00,269.86,-536.96,-38.53,-834.37,113.61,497.10,-969.09,975.26
364.78,417.99,-594.46,324.77,-591.42,988.76,-844.56,-567.46,883.30,676.59,-780.47,594.65,-803.84,-925.85,97.13,527.69,-539.08,-39.59,663.45,181.60
-786.18,-429.71,149.17,-256.87,706.01,666.97,326.00,697.35,-92.00,-666.32,182.82,-911.77,200.59,302.92,858.46,827.32,98.90,-359.14,-851.27,-5.06
101.64,965.99,415.72,-828.14,-396.55,-655.45,-885.60,912.36,-471.91,979.91,140.50,582.91,870.58,703.45,-843.57,-75.61,235.30,-701.37,-67.39,575.78
-406.12,656.73,765.40,306.12,-109.34,-57.87,-711.80,733.71,-669.47,143.46,-163.77,-844.25,-260.76,126.89,-697.51,-987.75,437.43,561.93,616.81,612.85
-179.50,626.91,-999.53,892.90,-489.06,245.89,877.80,737.80,-356.73,-925.10,127.77,688.16,813.51,-714.29,290.16,-548.95,591.51,405.13,-278.07,-583.76
-515.99,64.86,-464.55,-810.30,-904.82,-980.89,448.54,76.16,-218.60,357.01,-287.02,-554.31,-455.77,-976.49,-890.03,-444.30,505.78,-78.93,932.53,411.47
599.72,97.85,-41.35,-82.21,-819.19,-238.27,-600.54,-919.05,-576.30,-746.47,-840.78,-660.79,-114.71,498.17,-112.48,-173.43,-789.21,-891.25,423.17,766.20
-741.66,452.70,-591.92,842.77,158.77,-773.68,-185.44,675.23,-827.82,144.43,-484.85,992.65,-624.12,141.38,528.60,390.39,-394.86,-554.42,40.55,-301.09
-476.71,-751.17,602.98,759.38,-666.15,-865.14,668.99,986.41,61.31,834.80,158.65,690.56,-381.30,-80.50,131.42,-577.88,364.16,35.47,727.30,-982.89
308.26,-628.22,-506.32,-611.68,773.74,-65.31,-838.04,509.87,126.63,-31.57,-294.89,-454.73,63.35,478.12,-699.13,376.45,181.06,-762.48,385.99,0.10
21.04,-837.43,724.35,984.10,-571.14,848.15,-24.13,469.10,-873.83,-813.87,-577.31,-23.47,-136.08,243.63,708.45,-295.73,-957.85,384.96,-717.75,498.60
-584.76,442.43,447.31,95.24,-358.70,-922.61,770.45,-771.28,-903.65,-251.75,190.94,-344.70,58.46,658.43,-984.14,141.53,712.65,-109.99,364.46,-124.01
-378.26,412.95,-774.57,-401.21,-717.92,832.05,-581.05,597.07,110.34,843.82,294.46,164.44,542.47,-851.29,-389.58,-620.49,-434.82,-397.83,892.08,-440.99
544.42,445.47,519.26,-400.70,-713.47,358.04,736.83,-888.14,-470.15,145.21,184.36,77.37,798.94,-904.60,-45.76,-331.67,610.61,-872.05,367.97,313.56
629.88,771.32,-360.05,-625.63,668.91,138.33,910.43,401.04,-8.86,720.21,-435.24,326.27,931.14,-713.30,-326.20,-834.16,695.95,-608.09,609.55,771.51
720.60,344.62,-927.09,813.36,314.50,-242.22,851.46,448.79,-658.33,-9.24,-21.26,-260.87,700.87,-976.37,-245.72,-76.54,-915.92,97.47,-731.68,745.44
-712.62,767.11,168.72,263.23,-75.19,-496.63,66.56,-308.31,-889.41,-95.52,417.50,699.67,-689.38,75.72,-283.06,-455.32,-794.53,998.70,820.55,998.75
38.73,538.08,-54.08,-775.50,-416.23,-844.26,-635.60,930.34,-848.98,355.56,-779.71,-570.72,770.47,-729.91,-801.79,963.25,-745.08,-543.56,239.76,761.49
-694.95,-776.54,761.56,74.03,-54.28,-916.81,-442.20,34.73,41.29,-593.89,-20.02,-410.33,377.79,959.52,-48.54,496.64,247.08,761.63,-169.35,-800.15
-335.57,-342.30,344.94,88.43,-424.52,-506.60,-594.94,-695.12,591.62,-376.30,-689.16,-46.61,159.57,718.14,-856.78,173.74,484.64,905.17,909.54,626.75
499.27,385.57,-453.69,-109.27,-301.55,-312.58,-41.56,-916.35,231.66,-621.81,716.43,-618.48,-733.83,-202.12,-651.83,-890.83,566.30,353.58,55.35,-778.26
-221.83,688.61,176.55,-644.81,-632.02,-283.62,144.26,453.67,-512.32,-89.46,358.30,-13.12,-751.89,-456.09,264.64,-184.69,105.86,409.00,-863.77,847.92
825.10,-155.51,548.84,827.47,964.11,-655.54,915.96,610.70,-547.32,-866.69,-636.77,509.60,969.25,511.03,331.80,-152.44,387.50,257.45,491.94,-539.30
905.54,469.46,645.70,-119.25,-51.02,636.62,-720.43,-700.32,637.70,-521.55,962.24,-227.14,-980.91,157.59,798.41,-582.92,516.32,-824.14,-646.47,-355.06
326.36,-519.99,173.03,821.93,-297.97,-862.66,-635.85,632.49,-230.26,-568.32,-641.14,390.82,-554.29,-594.06,-778.04,807.54,308.89,784.33,-98.21,458.70
-453.91,-778.93,-476.00,-141.74,475.35,232.24,298.77,-195.23,126.24,-200.59,-244.31,-107.42,-414.25,123.57,-286.29,-594.22,-968.44,-589.95,357.85,493.05
690.48,271.43,812.13,-845.81,952.61,-815.57,-7.36,-519.46,-466.19,363.24,-326.20,-313.65,-999.96,274.89,-619.23,24.43,413.35,689.86,570.73,590.18
588.73,-999.05,-562.94,-642.72,-997.38,874.22,274.25,226.04,-978.19,-177.61,-977.78,-899.54,114.07,-819.64,-235.23,-305.94,-478.56,314.14,-49.92,701.22
494.70,491.94,-838.69,302.52,216.47,408.39,-0.04,-728.09,647.58,-590.09,250.23,484.37,695.27,787.63,767.48,-130.13,186.36,278.39,-960.91,752.37
-843.65,-429.58,-650.39,-550.79,734.58,-29.68,-547.68,-733.39,225.77,983.62,620.49,-547.84,209.56,33.68,-251.77,-59.41,509.90,49.13,903.63,0.36
972.18,-586.45,-308.49,-648.68,322.81,-649.24,554.25,477.26,912.08,136.47,-72.29,-849.69,430.71,-142.16,261.88,-758.36,-181.28,-230.61,187.69,-986.11
228.28,739.73,914.42,201.06,168.43,-417.53,921.18,-936.70,108.02,-180.82,-74.31,688.27,314.47,257.42,-368.77,-797.69,992.11,-173.24,-195.51,654.64
315.90,168.35,276.67,233.17,-651.13,51.45,343.83,-973.88,-882.61,74.72,107.18,-304.41,-509.38,295.69,313.33,419.60,-790.94,860.77,967.17,-812.84
-477.58,140.17,-113.75,767.50,122.78,-112.93,953.38,159.54,-496.53,-317.28,931.88,-55.23,236.76,862.31,-730.54,-113.73,-249.43,154.63,27.57,-129.20
639.64,-866.32,76.89,-212.25,-490.55,340.03,93.04,-606.79,-151.97,-264.18,-929.25,430.50,-348.64,594.74,288.72,-330.95,-345.54,-896.62,-416.38,-570.90
-226.09,203.13,888.82,-79.01,-694.15,-750.55,-389.24,-57.49,-830.81,-651.20,101.39,-532.68,719.87,679.99,776.18,-658.11,-904.20,-880.99,955.12,514.54
-477.09,282.75,263.75,-245.31,438.24,717.68,843.75,-638.05,-338.06,649.90,-492.12,-908.03,687.63,-618.18,-296.74,93.58,527.90,-409.16,-90.01,-33.45
-848.89,-651.13,674.07,346.63,619.37,703.97,-468.09,-649.04,560.59,761.93,197.60,596.67,460.50,783.09,-591.68,-707.53,663.82,16.70,509.08,-451.77
-55.88,-143.76,-728.56,555.23,510.12,-493.05,-460.52,-303.22,817.69,309.59,-225.35,-587.26,-90.04,-425.56,244.13,-92.91,-256.50,-690.88,-548.59,743.88
-537.47,-720.36,700.95,-872.32,-818.08,-178.04,304.19,-234.53,-265.81,-111.13,-322.18,-194.05,921.86,-991.19,-252.97,-928.82,-195.27,-735.24,94.74,710.12
437.07,720.21,-179.04,408.55,-976.86,341.84,428.26,-572.72,-740.96,827.62,999.66,-652.86,-977.67,-392.53,-432.73,-253.62,477.06,157.30,284.46,-70.17
-97.50,-154.76,-528.04,805.78,377.08,907.70,-320.70,62.49,908.77,-25.86,640.18,310.65,-506.60,-305.98,-937.65,600.33,337.40,837.96,-201.51,921.26
211.83,-626.67,-494.84,-757.22,-746.76,591.52,-955.85,-430.04,-312.70,135.40,-35.57,153.56,-70.78,648.48,-966.67,893.84,-397.79,819.56,-721.58,982.76
-824.79,-468.11,-574.99,360.91,56.39,190.89,-969.67,94.61,-694.50,-565.75,992.70,850.71,-759.88,-871.85,-805.29,428.67,-29.73,-81.80,-468.74,-27.89
-696.35,-381.66,-514.52,-217.88,273.64,-166.80,-476.87,208.57,-733.90,-734.56,521.37,181.91,518.68,252.66,-645.91,-16.85,-377.36,-356.90,-342.04,-236.58
926.47,833.58,66.37,-123.06,-178.57,283.25,795.46,-943.68,295.66,-126.72,895.72,540.12,-730.70,777.95,-483.18,-267.62,939.01,277.93,395.20,-526.03
49.86,894.52,-464.13,-451.92,-426.39,-549.99,-437.81,-710.35,682.81,272.41,647.24,-532.73,-106.29,-678.82,402.17,121.81,270.04,515.21,81.13,240.25
-675.19,-808.99,602.57,-529.30,-653.87,-631.59,-12.73,632.61,-204.17,863.88,-867.56,703.87,529.22,225.62,-723.43,994.02,-872.88,117.82,71.55,-291.99
224.52,-109.23,500.91,-603.67,934.52,198.20,274.59,-61.34,-52.65,-266.33,98.87,631.66,995.32,-815.45,949.99,723.11,693.49,-713.05,789.55,68.54
-209.51,906.72,-84.44,-919.96,358.89,862.53,-882.14,68.47,-857.25,-221.06,307.21,-42.29,474.66,290.01,-950.82,-361.08,718.76,778.86,122.84,-361.56
-142.63,-678.67,-466.02,875.90,-910.99,4.27,-493.72,998.99,-256.63,-42.74,-215.71,-432.97,828.62,738.42,-853.32,555.81,908.65,-990.99,852.12,-930.81
70.46,429.31,-553.84,963.94,342.20,-456.25,-397.76,137.57,-872.50,172.49,-50.96,-11.39,-328.68,-302.52,-825.95,147.13,-1.21,-860.80,823.33,886.27
500.37,106.03,-836.31,-308.15,-470.25,-173.01,-154.20,557.19,31.66,100.91,265.40,-963.03,-934.13,-831.01,-351.19,-366.23,-253.05,-176.12,104.76,763.22
-41.75,-999.30,-560.42,-969.33,636.90,929.54,-371.35,-336.11,-319.03,443.56,381.10,-645.12,-310.04,903.14,-109.03,901.77,115.68,-482.70,-377.70,-238.20
632.44,-306.42,-827.46,-509.35,-651.62,-635.94,979.28,259.76,-469.75,663.90,475.92,558.22,-316.91,-332.12,-510.27,-677.45,91.80,-686.32,-199.05,145.56
923.89,-26.50,510.66,-343.11,660.71,-641.67,117.79,-849.10,-901.17,102.53,-536.08,-90.04,-124.99,826.02,319.49,309.51,23.62,-524.33,571.34,652.93
514.69,812.16,859.82,656.51,-823.29,571.57,176.08,-177.91,807.08,19.16,263.03,515.30,617.19,463.46,459.77,142.22,-5.55,540.28,400.31,654.14
-260.18,437.07,-40.92,412.27,-256.08,804.08,31.90,214.32,-463.12,638.94,407.88,594.10,560.19,-842.98,-496.44,-614.15,-367.73,261.11,18.52,434.40
-858.10,157.20,462.42,-865.51,24.98,200.99,-413.48,259.99,-160.07,278.32,106.21,-733.42,10.97,391.74,-427.27,-441.71,680.81,757.99,511.20,-95.16
-424.85,730.55,145.70,407.75,93.80,-233.85,774.52,971.68,651.34,735.95,-291.30,-846.82,-426.71,-561.11,-359.11,123.40,-401.56,-775.69,110.19,-716.29
831.88,169.95,417.24,-356.60,-467.08,-829.65,545.25,420.06,881.62,-845.67,394.51,654.52,-327.98,-440.23,361.23,-80.67,-471.00,736.66,495.12,659.83
-372.27,-894.10,293.42,217.39,-658.64,-65.13,-113.96,-324.53,-396.58,769.18,130.17,-82.92,737.27,-446.72,545.27,-838.78,539.40,-936.24,611.97,234.58
273.81,606.09,-30.71,222.39,-52.12,-124.03,79.92,-955.23,-117.43,990.42,433.55,549.61,-365.04,-410.92,854.90,-646.79,-110.03,864.06,-219.84,354.87
-414.43,391.49,339.87,-396.35,585.34,-775.76,-7.42,969.16,-281.69,627.97,0.71,-838.73,369.65,43.59,515.40,50.47,55.02,162.55,-506.04,-991.41
539.98,-205.48,576.46,-372.88,900.51,-256.01,653.69,-8.75,-378.03,944.99,460.48,-264.86,152.00,340.55,-412.33,-629.31,680.07,336.16,410.40,-14.37
174.32,-721.22,430.46,-350.82,811.32,-801.75,-28.24,-442.77,111.15,-687.83,-503.03,-368.18,903.53,645.86,641.08,-757.45,-784.97,647.89,-756.78,-671.35
-936.21,250.92,-618.98,-785.23,211.96,897.15,-237.59,320.56,233.90,-700.28,-817.10,191.88,-520.07,544.41,70.03,775.13,-932.89,99.15,418.31,773.59
996.01,-938.25,822.32,-420.27,-276.80,-261.18,626.05,698.35,190.75,220.64,-147.04,-612.75,981.81,242.09,-888.90,345.67,-653.58,-237.96,-21.24,22.03
729.26,704.52,-563.04,-560.16,909.93,402.00,905.31,979.99,-291.81,797.46,-672.80,-227.05,-8.73,16.50,-329.13,465.34,340.06,294.07,-387.92,796.57
186.25,-665.01,-435.78,-298.54,148.37,810.58,313.61,984.29,-879.85,-496.93,-617.31,-596.67,625.67,405.98,-968.16,904.75,-539.13,-600.37,498.84,123.01
-811.11,615.21,836.22,-709.46,503.60,-273.63,400.20,909.67,-620.84,668.78,-265.73,-903.83,-565.31,-159.53,-662.90,-997.90,-374.55,488.12,370.39,-152.41
-710.49,561.55,-797.72,-158.90,439.20,566.55,351.09,805.89,437.92,-43.85,-324.88,595.34,498.50,930.51,-372.25,-714.11,-847.30,869.24,530.34,-721.15
-192.21,-788.04,703.51,511.94,-40.29,128.28,-44.00,357.91,659.27,597.62,636.79,-981.73,-901.33,59.01,896.91,-318.57,887.25,431.83,-288.46,625.70
623.68,549.39,-903.91,171.08,38.22,-746.00,647.30,223.01,-29.54,-454.60,972.18,-981.15,-778.99,-861.79,254.72,287.22,-609.39,-839.10,270.54,876.10
-363.86,142.93,-107.76,275.40,-630.27,-439.29,-942.04,999.86,263.25,522.97,883.70,-115.81,368.57,448.07,-920.99,-324.15,263.06,504.82,102.82,-824.44
996.95,969.85,82.88,-219.18,615.79,156.75,-647.77,-422.06,505.05,420.50,-299.12,-201.35,-86.19,-76.14,153.29,860.07,-916.96,784.94,-529.02,905.07
514.68,-628.91,20.06,-548.56,-160.19,-19.96,-61.91,-843.35,-588.20,613.87,-452.60,-382.83,-865.14,-309.58,287.11,188.49,712.55,950.81,7.55,187.47
-450.48,957.27,115.81,934.18,82.51,-634.72,690.92,-766.24,-124.59,738.19,992.48,-327.26,-848.63,317.60,624.73,-237.46,293.18,-11.57,-485.76,408.28
935.06,362.30,896.44,-614.68,796.21,-520.74,-665.62,-947.69,872.55,74.92,-834.73,-766.41,74.26,-348.43,-101.07,-441.68,-387.99,-729.17,195.98,453.44
-244.09,-713.41,503.27,629.19,500.90,201.28,-88.50,741.39,-915.94,94.11,473.28,790.04,997.45,-878.20,-764.14,957.95,-863.34,-606.33,-695.11,-742.19
-856.30,127.14,-889.66,6.00,-393.15,320.73,-58.46,728.48,543.35,615.84,-86.25,772.00,738.31,767.89,108.44,43.27,405.90,-803.56,-169.05,-494.24
621.94,-787.06,-122.80,288.66,-822.47,-516.80,-835.03,-749.29,502.27,283.79,-279.72,247.24,688.83,-797.25,-387.19,-844.87,474.85,-942.95,35.87,948.57
-723.61,209.48,575.88,-359.24,-152.85,641.68,-28.29,594.87,-289.35,-582.22,-967.01,-881.11,238.71,921.73,-200.58,778.25,-85.25,219.34,-709.85,-696.28
274.91,279.48,423.04,-150.62,132.61,-822.00,-575.52,-813.25,-51.20,455.78,-325.12,-347.32,-45.26,856.45,-584.52,-736.05,-212.46,-998.85,-805.32,863.68
320.55,-584.56,-121.97,-236.01,979.28,281.12,827.51,105.42,304.72,-637.60,702.10,-677.12,402.87,229.32,-333.82,-452.75,239.31,691.82,-144.43,377.53
512.49,238.59,-743.37,885.40,400.16,-772.85,168.66,116.56,133.71,-125.47,442.82,-496.89,721.54,730.68,-837.75,510.26,-579.24,-357.05,227.67,288.03
-902.84,-396.46,285.55,-790.69,306.13,-292.59,420.82,897.83,-275.42,359.96,-174.69,21.82,903.22,28.03,-188.87,-793.48,795.36,-901.10,-790.05,538.97
878.77,-40.02,-572.76,784.17,664.34,161.47,-495.26,532.44,-708.55,-733.70,-128.35,-197.31,-228.19,-325.50,-317.95,-400.28,100.70,153.61,580.83,324.70
-439.96,836.65,865.37,-857.11,-755.79,135.10,584.54,179.45,426.96,418.32,-866.34,353.86,-630.49,-224.89,-422.57,-452.88,-699.01,-76.27,-869.86,-440.99
131.17,359.22,-382.26,660.39,465.98,476.47,-28.75,-950.06,-939.04,10.59,802.99,228.68,-25.92,-599.68,-103.23,-803.36,654.82,162.36,-436.10,458.29
972.91,961.94,-751.06,438.16,546.13,239.82,510.89,258.24,-693.44,211.08,-84.19,646.19,909.70,-609.23,-406.02,-814.87,813.18,668.27,-992.93,-353.72
948.80,-857.10,-975.71,-58.77,-352.40,182.42,-555.59,478.12,559.66,-444.94,-105.56,-148.56,888.58,681.09,740.73,101.40,832.85,808.92,678.93,827.51
314.24,91.74,-198.74,586.22,-360.64,776.09,635.67,-609.85,-489.20,-486.78,-707.30,-303.30,-284.12,311.12,-97.65,-228.46,222.66,-527.52,-494.29,-99.11
-693.10,-55.89,160.08,384.03,-940.18,-43.21,-668.88,423.54,352.01,-108.37,990.83,760.14,381.38,263.73,382.68,840.48,-903.30,835.90,-407.14,-243.13
56.94,-707.95,-403.78,677.48,-468.06,-825.45,-362.05,-345.70,-782.39,414.94,119.55,-867.28,-134.01,891.43,-965.58,182.51,-538.26,982.30,-398.53,857.05
-534.09,-405.07,783.21,-337.42,-443.51,-244.37,736.39,506.25,-890.99,-476.48,-375.95,-147.48,957.61,693.94,-178.85,-578.73,-300.28,-94.56,-851.64,318.76
-357.84,64.73,-656.97,-109.64,-675.82,388.85,-882.75,291.38,-108.51,-572.86,573.39,-745.15,-436.45,-134.24,-347.07,-918.98,-975.17,-302.32,-334.52,663.55
-149.32,-139.96,27.78,-466.13,575.25,630.94,613.30,-90.86,-73.84,545.85,-220.62,981.43,-734.00,-947.50,-788.51,-155.09,-421.97,133.45,202.53,-86.13
-469.94,-729.12,-64.10,868.61,525.88,852.59,-5.47,721.01,-853.90,-272.79,-83.35,-508.18,-377.37,-161.58,534.07,914.64,689.55,272.72,742.04,710.44
-7.09,-423.69,-467.11,-926.38,186.74,-952.16,-395.89,-926.59,601.80,-217.71,-923.67,-526.28,485.57,-825.53,-558.60,-774.22,-398.77,-973.86,-970.39,-844.45
-978.46,692.62,91.88,-688.03,141.79,-354.41,917.29,655.53,201.32,-812.31,903.22,537.64,-351.10,795.54,-292.95,270.91,-986.16,-816.19,-56.69,-130.95
-325.82,260.48,158.17,-11.34,-409.36,-180.10,-602.15,-379.49,-903.08,-341.97,-872.53,767.14,547.35,274.69,608.11,743.79,-435.71,51.99,-538.72,-998.48
-548.56,-950.13,795.05,977.89,-732.36,-480.29,756.87,254.81,-622.68,971.47,-937.71,780.05,-43.30,-392.50,832.85,-3.82,51.33,-26.14,254.49,-248.49
48.50,-627.34,-748.22,-274.92,206.74,-943.12,-65.89,-797.75,21.78,-315.50,659.24,-391.24,80.32,-811.35,10.71,727.31,-379.59,-800.03,-794.64,-442.01
916.46,297.91,-112.03,290.95,113.26,-771.98,-654.20,490.02,599.97,343.09,781.35,-251.72,869.00,-118.81,235.64,-517.31,247.71,176.69,172.52,317.88
952.71,262.03,-284.73,452.28,342.36,-367.78,21.20,-118.45,-459.57,-261.91,-412.38,-241.82,-515.14,378.87,744.80,-626.80,-919.96,-592.81,-853.71,149.38
789.98,873.79,-124.31,496.31,-376.57,-719.29,811.43,450.44,-777.90,-969.87,944.12,-195.40,263.98,-329.25,857.73,289.83,758.58,25.02,-423.77,570.00
826.37,136.33,-151.03,-685.64,-293.81,23.18,-123.58,348.16,-204.99,-709.68,-704.31,-401.86,-694.16,-330.26,-276.82,-114.56,690.94,-136.10,-75.64,-332.15
-856.66,-22.11,-704.77,366.10,298.25,-89.44,654.90,-22.34,677.50,358.89,-364.48,453.75,-504.07,300.02,-4.49,-247.59,308.62,972.50,-411.65,-823.55
-310.81,-879.10,-753.98,-873.24,-106.00,-181.79,327.76,387.82,21.21,-705.23,846.99,-846.35,-696.56,356.57,-390.56,184.08,737.88,-532.70,715.74,49.82
906.11,303.31,220.37,-890.85,638.51,-477.50,565.62,-978.18,-913.61,800.17,-42.79,238.25,-506.74,-544.88,-225.25,982.38,44.17,-98.77,796.91,-533.15
844.31,-309.11,555.02,-27.37,-182.56,-971.59,395.62,425.87,674.91,-871.83,-816.28,-768.88,805.90,-929.23,-930.44,374.10,617.01,-523.28,-228.58,795.61
448.46,126.19,-33.55,859.06,561.69,-973.99,310.29,-934.79,-939.32,-766.55,580.85,-72.13,-743.63,135.14,840.19,-317.72,-443.62,768.55,-585.95,946.72
-685.57,-740.02,823.67,-264.57,959.60,-463.92,-567.73,122.96,279.56,-721.71,174.42,410.44,185.30,707.66,454.24,-538.45,992.39,-44.01,78.03,184.32
253.67,-597.75,-802.82,21.60,390.08,311.87,-221.62,-788.82,-695.96,101.44,833.37,792.67,574.48,-937.12,-82.29,-621.28,976.13,-335.10,757.05,-657.51
565.69,-818.60,-987.35,219.32,-30.20,-411.28,-257.40,-533.06,539.95,904.16,983.69,-930.20,101.10,-846.69,614.70,609.15,930.31,-875.34,95.18,-128.09
-197.00,136.76,425.29,-71.06,896.24,-872.72,669.89,547.61,-301.04,114.32,-299.58,524.42,835.05,-366.12,81.41,-306.87,902.44,529.72,255.09,819.93
301.75,-559.59,96.37,-936.98,233.49,-450.77,-469.00,958.63,-239.98,27.57,-997.60,912.88,-460.41,-785.29,-394.37,-879.21,786.85,-185.13,489.55,-518.24
-935.39,977.71,-426.42,495.66,787.48,528.70,-300.73,368.25,927.28,759.46,-846.27,211.79,-139.87,304.65,523.96,-156.79,180.00,-843.78,-342.09,462.52
-435.33,-637.87,-142.63,291.36,-834.98,554.88,-691.62,947.69,-901.05,-495.65,-983.36,657.96,-909.99,985.60,422.02,559.00,-85.09,313.70,694.32,469.13
274.24,855.70,256.29,751.17,687.73,-661.81,68.45,-728.62,-98.76,608.74,-823.48,805.02,876.26,895.41,525.79,508.93,-892.91,644.91,-677.94,-696.70
785.96,637.65,861.94,565.67,314.60,61.53,-546.63,321.31,734.83,211.86,-746.50,-455.94,234.04,877.33,-251.37,-982.96,-375.59,400.00,300.01,-565.23
335.26,-590.45,221.52,422.61,-52.67,-297.20,-93.63,-39.26,980.52,598.71,430.32,-27.92,832.71,586.19,-718.14,848.01,313.25,677.85,409.29,-208.45
977.37,826.24,847.60,-923.81,323.58,-938.98,395.37,-731.67,-594.21,-708.59,-996.56,40.42,-788.95,438.15,154.67,-622.82,781.32,766.43,-695.31,-348.83
148.44,379.80,-750.01,-869.06,487.99,953.29,774.52,-348.61,372.51,-238.95,909.34,685.51,-926.25,-213.60,881.82,-953.29,704.96,638.76,-404.29,12.53
-242.25,-39.67,243.55,-784.05,435.50,354.47,-429.45,78.22,-172.74,0.27,-811.56,350.19,-692.56,-907.66,-223.89,-586.36,672.76,765.16,-645.08,151.71
-497.73,-853.90,709.85,742.55,328.42,-368.65,245.77,-849.67,-156.49,639.16,-336.75,-509.50,-399.58,-551.44,88.82,-213.62,-110.49,59.03,525.67,279.34
331.60,373.41,666.70,809.19,417.01,872.70,-834.25,-761.40,-837.18,303.03,-898.41,792.14,-296.49,-573.58,101.37,592.75,373.91,922.85,-389.12,614.74
597.51,-768.17,-485.96,-799.67,686.30,-502.41,107.32,477.88,230.29,509.12,614.74,-553.74,-637.21,964.72,579.52,573.71,-683.97,-706.77,827.96,-323.47
-681.00,-642.28,-618.30,843.76,-646.88,-820.99,563.45,690.89,-758.18,207.64,529.31,-192.35,-140.90,816.35,514.79,46.87,-31.28,402.58,635.33,-525.64
-398.93,-144.38,-211.26,-287.79,58.42,892.40,638.70,733.44,775.77,-657.29,-933.98,-968.77,574.34,-490.61,598.16,-166.03,906.28,473.80,-976.03,-801.30
18.36,465.77,854.46,-690.64,-328.61,703.04,468.62,-16.23,155.03,945.65,40.52,-953.60,864.49,-623.74,749.26,137.46,663.46,408.18,653.01,553.80
512.63,587.99,52.33,439.10,796.76,476.26,-559.08,-988.67,776.44,258.31,483.57,-774.26,-28.71,-262.63,-365.78,-840.10,-477.56,296.85,117.73,583.64
-638.01,884.43,-976.21,-311.71,884.63,495.43,-917.66,-18.02,-929.87,624.15,-754.02,-63.08,407.79,774.42,-992.34,224.33,-733.82,-673.16,389.88,17.83
511.10,914.19,378.92,861.85,-536.77,-576.49,-257.35,361.07,802.58,331.33,-541.54,943.40,-584.55,662.87,721.75,383.58,-634.20,158.18,-40.11,188.52
-876.20,-160.22,-413.14,-245.34,-125.01,-689.17,672.28,433.20,-131.81,-541.55,27.02,-375.39,-363.26,713.25,843.50,-687.00,298.46,-366.91,-367.12,19.58
-877.36,-147.99,661.36,39.92,491.65,752.48,383.84,804.88,740.40,-879.71,358.33,-343.91,588.46,-935.52,-464.55,97.24,279.01,-671.91,119.48,-194.71
-218.19,-816.43,364.39,-56.90,573.12,-53.03,-564.88,-776.52,-211.66,267.48,587.58,514.35,-612.58,-349.88,582.75,-152.86,148.06,690.61,-782.29,555.43
769.07,199.99,587.88,-238.97,-552.02,784.76,276.27,-557.00,-141.19,670.35,-576.13,905.21,-760.36,-897.82,-7.34,753.95,-408.50,-303.41,-94.78,-239.60
395.62,900.25,-355.02,408.52,-809.67,789.75,50.08,336.26,-647.66,-791.37,134.04,-615.65,548.80,-186.99,-50.88,-417.94,-625.68,762.00,607.67,899.36
-97.96,971.09,-921.54,-235.30,224.58,-430.72,265.32,-237.31,583.98,-648.57,586.90,649.54,732.46,592.28,30.13,-133.66,677.26,-713.64,424.20,430.73
779.01,-443.87,51.42,-133.77,504.75,476.93,154.43,-272.84,-987.70,-893.48,-508.36,675.36,-737.25,-317.71,794.62,-478.66,-772.32,-876.60,580.67,-273.99
-89.64,-923.75,-213.22,-738.75,714.89,356.46,974.21,874.60,-401.38,-505.85,470.43,-661.78,915.43,-124.66,-134.30,-610.97,48.68,141.81,-325.81,388.59
-465.92,-816.29,-318.26,41.87,-358.83,746.08,-682.34,-216.23,871.41,701.68,-231.20,-320.36,-194.21,524.69,-384.86,272.00,-470.07,-710.57,179.69,950.90
-569.99,586.04,722.21,770.96,-457.74,266.56,-43.16,-977.79,-967.14,-879.72,-19.93,619.73,238.92,799.54,-112.74,-113.07,-382.43,-556.63,-971.07,-992.80
-194.72,-241.43,-373.75,372.67,-298.59,-304.18,538.53,-661.84,905.85,-50.34,-971.63,77.96,347.02,-44.39,-896.10,-95.92,7.63,-736.22,821.11,-179.43
-449.68,830.78,572.77,341.73,62.69,-792.23,-635.41,-706.29,820.87,-887.86,-285.26,98.16,227.77,498.12,-111.56,-229.71,86.29,551.46,-699.21,78.22
852.81,730.96,-586.39,383.30,439.38,296.86,-347.69,-485.46,-176.66,-848.56,331.11,-959.20,-917.64,87.62,952.79,573.19,-555.22,634.83,218.04,-197.66
540.83,-374.36,-681.30,173.23,-985.45,242.22,615.61,582.24,429.60,284.00,-19.16,658.89,473.29,520.38,293.60,408.27,263.32,-939.33,-251.64,423.30
870.65,-58.26,85.53,-709.00,-123.84,439.18,-246.81,798.95,-180.74,286.44,54.20,659.15,773.88,-390.21,461.62,303.02,420.46,558.79,-484.09,-660.12
-658.60,-349.61,16.14,-443.95,-609.98,-555.87,-269.61,-250.39,-29.87,281.75,-134.34,103.23,484.39,-39.20,109.79,-782.38,837.99,641.38,-0.74,460.91
-99.83,73.87,-833.79,344.63,253.69,-661.32,-182.84,911.00,-262.04,78.34,-243.53,438.88,-870.92,-949.54,488.85,542.50,448.44,136.13,867.04,-610.42
877.48,-648.79,-118.06,-723.35,-347.55,-62.37,-389.81,-42.05,899.87,-194.12,-938.30,837.40,-180.47,-781.05,-870.63,-705.56,635.91,-429.20,-409.15,738.02
-429.98,638.70,861.17,176.15,-32.31,215.44,357.11,390.30,715.12,37.20,392.73,-49.99,762.55,120.59,562.53,921.50,701.26,-214.20,203.90,-656.19
441.91,-598.29,-523.97,-691.37,284.78,-297.38,-293.75,748.97,-113.01,204.54,-482.20,-757.09,828.61,-15.28,462.23,-383.57,29.91,78.83,731.28,-911.11
-798.47,-316.79,-749.30,-199.63,-448.51,726.57,723.16,624.23,-539.23,581.35,167.09,930.29,-124.64,-646.42,-611.42,-465.16,-824.16,480.96,706.85,-569.98
-359.67,-264.50,841.56,-307.87,401.80,-673.46,-235.08,-322.25,724.13,-71.03,60.01,-918.11,-367.17,-23.60,268.82,-680.05,737.31,646.45,155.99,-508.33
-14.44,-288.10,-776.89,-45.81,-371.60,749.95,-126.58,-156.34,948.75,806.99,-40.34,-475.40,779.63,-776.05,-235.22,578.02,-300.34,-488.90,-44.68,697.05
-782.82,-753.78,505.20,-616.91,948.86,-67.33,-570.81,268.73,51.27,-753.53,-797.03,-188.19,-12.78,812.43,-665.18,306.32,62.82,395.09,-446.47,962.78
-636.24,170.04,232.24,-33.70,-339.82,-724.65,20.07,796.48,827.07,-135.50,910.07,-585.33,-11.28,197.66,981.99,-505.33,557.10,902.28,284.88,-406.10
-666.25,819.91,12.89,-710.82,850.61,372.78,554.40,366.63,494.40,933.82,676.61,-44.16,-995.86,272.60,-964.04,-448.31,739.37,-627.47,-580.56,802.60
-399.89,275.77,-937.90,-999.44,781.99,428.63,-505.74,423.15,949.73,758.68,48.29,946.33,144.38,307.75,622.64,-326.64,226.96,230.55,-183.54,932.69
-687.96,-206.17,531.70,100.85,3.24,-700.19,-469.16,259.34,284.18,992.58,-540.94,-705.44,379.75,-154.38,257.37,4.78,-69.27,761.51,56.36,61.82
-270.82,-426.98,-217.07,851.64,-153.79,-962.42,-275.72,-452.72,554.53,-546.65,938.26,536.08,-440.98,-933.53,927.86,-408.02,-743.85,505.29,883.35,-61.42
-525.47,-672.04,-191.74,958.24,321.21,3.64,430.70,369.51,-938.55,992.80,169.47,86.44,365.80,-988.87,970.38,909.44,-405.25,-472.62,-549.04,-588.54
-415.18,574.77,-808.43,-456.25,445.07,-291.97,148.85,-646.12,840.09,233.79,659.82,-758.85,285.48,-990.82,-603.99,210.09,188.91,-846.67,-995.14,381.90
-833.25,-248.01,478.55,833.28,-680.61,579.97,338.67,293.11,353.17,281.00,500.44,606.13,40.50,608.06,-891.45,-975.28,-469.86,-568.73,399.86,610.41
-892.19,617.30,-569.46,183.01,-849.34,264.86,579.79,654.59,-207.01,416.64,-585.98,-808.05,886.50,-502.66,-863.94,-644.74,927.05,-464.54,569.02,322.55
1.89,-503.35,-852.54,301.15,872.30,463.57,-773.57,-741.28,-821.48,550.86,3.86,785.98,201.51,-861.61,94.27,589.89,740.76,486.05,550.75,709.88
512.29,273.65,-492.78,156.25,-460.61,624.19,723.93,999.93,-599.36,-427.63,266.39,286.88,-420.35,746.50,-668.79,878.78,748.05,-603.74,926.41,769.04
485.58,956.19,770.80,-274.86,601.09,891.33,597.06,-695.66,33.15,-571.10,536.30,-735.36,-85.41,66.77,-209.81,545.39,741.95,-398.47,-100.68,625.39
-820.13,-636.07,-872.11,-591.94,151.65,372.36,-72.98,-545.28,102.10,-458.05,980.96,-454.18,849.80,-360.66,-420.60,636.60,647.81,622.47,-933.50,941.01
-471.86,-853.12,844.29,449.99,-52.50,686.25,176.98,-73.93,262.51,-738.71,-643.07,274.26,-381.82,-32.27,2.38,-290.92,-159.00,672.72,-812.50,332.42
225.56,-830.92,-327.63,-741.82,-642.27,124.00,-1.67,-142.35,-878.96,-779.16,838.63,-662.26,-919.79,572.11,-1.18,-525.31,941.96,795.37,647.55,248.39
-5.34,862.39,-517.92,-779.44,501.75,-936.29,-708.76,388.68,-482.39,-218.58,-200.82,-41.82,-68.92,-129.48,559.96,195.21,-476.86,769.95,-299.20,-646.51
470.63,291.02,-721.52,-101.99,767.99,418.54,-501.31,488.94,851.61,353.22,133.62,-944.19,203.59,856.61,203.41,-825.29,-629.60,-893.92,865.59,613.27
619.22,-547.03,-720.64,-475.30,163.98,-131.18,163.66,-143.74,-532.52,100.65,-157.39,53.70,-627.00,-944.07,479.86,-761.96,-185.04,54.23,836.04,-12.00
-867.38,549.24,-8.87,162.76,745.17,-969.12,-290.87,246.34,-135.19,418.44,564.20,-74.02,-877.28,-542.26,211.79,-669.08,-929.14,144.39,-553.55,206.99
849.16,-78.78,703.97,-334.79,702.19,-19.17,28.42,921.32,717.32,942.51,-492.17,-516.25,-15.80,178.40,304.11,707.61,-377.59,222.54,953.09,-921.31
88.28,797.27,599.73,271.55,961.84,187.77,-751.50,-654.83,730.23,-831.38,633.79,-205.66,-59.14,-540.85,515.31,-523.89,990.11,-724.49,-860.98,-598.21
88.30,-860.84,-367.08,-250.89,-579.34,808.17,251.87,325.74,-706.36,424.39,896.24,-661.04,-21.66,-948.32,8.22,-492.45,613.55,-220.59,864.14,-937.46
4.43,-510.49,-728.26,-521.58,505.47,10.47,676.78,873.66,-485.91,-939.09,604.06,-847.99,549.95,-807.06,-755.77,-904.60,241.65,946.16,-129.83,472.18
-994.47,-689.51,-261.56,340.08,-591.73,-399.26,29.83,538.04,499.13,365.88,-943.97,-421.36,-518.12,-554.61,663.08,692.36,-706.18,261.89,-393.11,-903.71
392.40,110.28,-511.73,680.44,-240.78,-367.00,-443.78,646.05,140.45,481.29,-882.60,413.45,462.58,495.10,-639.22,-743.02,-784.80,204.14,659.60,347.86
216.61,243.72,254.61,302.33,729.56,-221.53,-907.22,140.16,955.03,720.55,-217.92,244.29,-468.67,987.13,696.88,-142.18,-12.30,621.87,402.34,-231.59
-93.16,-593.74,-985.89,56.21,605.62,-361.80,-888.72,-336.03,-462.97,-505.31,-666.03,-130.88,41.90,823.12,-277.74,550.66,606.76,366.55,64.71,-186.79
-154.91,63.10,-374.99,-587.94,-135.04,-882.33,923.74,-402.78,-197.17,530.51,770.03,-254.82,-908.69,-173.24,470.88,1.41,-82.31,-841.48,879.90,142.37
-171.89,468.25,-656.54,-160.84,162.54,867.82,-717.73,539.10,-673.43,809.09,-724.16,439.55,-503.76,963.89,-265.73,676.14,-523.57,-242.27,-897.93,-628.08
500.30,-847.66,-922.85,-124.03,556.45,273.38,-897.16,99.04,-340.68,-143.09,581.59,284.23,-117.03,-927.02,-408.98,742.51,401.66,-748.22,-558.69,474.48
-344.56,636.65,310.92,-647.71,-20.03,-482.52,398.07,779.90,62.86,-589.89,203.59,-911.76,-340.29,102.39,-957.30,-742.56,958.67,814.79,329.72,-85.60
-635.17,111.15,-582.21,-917.03,-227.35,-903.80,-224.91,912.91,723.97,335.97,858.82,410.79,-580.81,-849.20,-324.96,-317.55,-184.52,781.95,982.71,793.83
-104.17,-763.91,-576.16,853.75,751.54,325.87,-944.44,905.33,628.46,499.96,-489.85,721.38,267.64,438.63,906.03,298.75,417.10,48.44,544.50,472.63
-66.02,784.69,275.49,-152.83,685.20,-606.39,-152.85,-348.39,166.22,551.74,925.71,734.93,-258.10,-619.00,215.30,-655.50,-505.58,-866.03,4.54,-825.81
-693.98,-81.99,324.26,-864.78,138.21,-8.59,771.68,-258.69,455.90,703.37,34.66,-637.64,432.71,71.18,-458.94,-677.02,-467.16,442.49,-354.15,663.34
72.25,-334.13,-480.43,-288.91,-33.39,-747.61,-308.49,-688.33,-894.75,-28.72,-885.66,532.64,-443.74,83.87,-914.68,-433.49,235.20,354.24,920.90,133.64
86.69,115.80,550.32,623.75,498.79,468.97,-759.15,123.38,646.00,888.86,470.63,-868.31,-583.35,429.67,520.24,44.77,710.87,-160.48,-135.91,-624.71
-485.07,159.67,-54.97,-936.48,-858.06,932.45,35.83,358.18,-402.68,449.99,545.41,-880.04,553.69,80.72,888.32,570.05,-422.23,-524.00,-895.78,-372.52
-636.92,-592.42,915.05,-773.22,714.57,146.57,96.72,-837.60,-751.13,145.39,90.64,199.46,479.18,931.44,-123.91,153.47,992.76,551.67,703.40,-74.39
667.82,107.22,76.85,-498.26,-483.27,-457.20,539.93,777.48,702.96,-803.73,-534.05,-308.59,808.35,-617.23,964.46,-680.98,620.81,-117.03,-981.13,-350.57
-961.29,-749.68,109.61,-338.42,382.95,-65.10,918.82,310.22,-423.23,577.25,-524.62,-981.92,932.29,312.95,-410.19,981.35,-973.65,-518.64,542.44,873.69
-831.49,589.13,-904.99,-664.28,241.75,-780.45,-869.11,379.02,754.83,175.82,627.68,-848.52,274.13,704.91,-973.38,-403.10,466.12,-827.65,952.12,809.12
51.31,851.31,-713.80,-235.81,215.45,-791.55,933.05,-60.72,453.18,206.21,840.01,311.97,-622.31,-22.26,450.13,-845.63,347.82,623.58,-146.06,258.89
963.75,947.70,284.18,181.25,705.00,804.47,-160.23,-608.20,-68.42,-26.18,-669.18,-415.75,-327.07,799.23,385.87,39.40,-756.25,-78.63,-575.84,-926.23
-272.22,-248.31,314.31,-648.88,-294.88,515.92,-858.64,772.13,285.77,739.24,790.08,-286.15,224.77,-81.71,178.62,-944.98,783.26,584.29,-713.46,-577.17
273.81,277.16,-396.44,-430.28,316.39,241.53,289.65,-862.63,697.19,465.66,-889.32,-516.16,775.08,534.69,-628.23,-126.04,-531.92,-625.68,-293.38,-342.85
744.56,-268.87,42.13,-140.89,222.42,456.34,-248.61,166.07,-180.60,-267.23,-36.60,-93.59,-385.58,374.84,-626.76,-679.51,572.65,81.51,-909.45,777.20
-522.31,350.82,229.23,785.68,781.09,624.37,925.01,585.21,446.39,-462.66,763.22,-142.13,-389.98,369.07,-458.11,-161.18,952.46,-79.98,13.44,-862.21
-325.30,716.73,100.96,79.08,588.00,-18.28,122.76,263.04,-785.33,-205.60,821.79,901.09,206.14,-959.63,-378.08,478.94,-498.88,736.71,-909.33,-543.23
504.20,332.67,-290.90,95.35,909.81,-410.98,56.23,-192.04,148.71,996.81,922.51,-887.69,926.69,658.88,524.91,-726.53,330.06,633.98,700.10,734.99
732.72,-702.38,-792.06,937.14,997.92,-33.92,983.52,-276.86,-675.36,96.22,-569.88,-597.45,-539.27,649.35,420.57,713.96,-23.79,44.08,173.51,-776.97
-700.40,924.55,-357.36,-125.35,-590.25,624.87,-54.41,365.01,-693.31,-776.02,603.54,-374.58,-891.92,742.28,-602.07,-256.65,-724.29,565.31,441.05,645.60
343.43,-193.13,-615.57,832.51,-754.15,499.63,141.04,583.53,-487.22,473.53,-707.40,-387.39,-809.23,-929.34,960.02,-132.82,147.56,-794.53,883.15,-365.27
-327.52,-775.15,218.18,-187.97,545.60,694.65,-84.69,721.06,-157.34,-462.50,72.90,610.88,-890.42,-322.96,-952.04,50.33,-983.65,561.45,253.25,-873.32
-825.95,-840.88,-577.57,941.79,-382.59,404.06,555.39,-28.09,121.30,103.81,-137.38,711.15,334.65,605.12,117.68,-909.26,841.76,-634.91,-870.58,176.54
-966.92,542.00,284.32,-517.33,221.32,485.76,589.51,691.21,332.35,377.41,-127.07,-10.59,-274.35,516.57,-883.27,368.15,-514.22,-560.35,-403.91,-67.69
485.19,-260.61,-60.11,-881.97,-242.44,-865.70,93.43,-77.65,-836.73,-891.37,6.76,570.44,714.86,-955.76,-52.71,-344.37,154.82,263.42,373.60,-883.28
787.87,-848.89,402.97,-376.17,-84.93,401.41,403.82,358.81,-959.78,-801.91,-459.56,-155.30,452.92,-504.46,313.84,-665.96,670.14,-432.65,642.69,79.18
954.46,452.28,-623.84,860.17,-850.88,-731.14,650.72,346.20,-940.83,268.31,-268.19,-244.63,483.80,192.48,262.58,844.95,361.75,-25.62,-352.66,-892.49
502.01,-221.53,-99.27,630.11,-829.43,329.67,-563.56,508.69,438.56,986.10,4.22,-681.65,211.90,-665.78,-641.30,159.75,899.30,966.65,-958.37,802.91
56.36,-306.82,13.71,-712.83,-816.46,901.55,587.26,-844.24,301.51,913.61,-132.95,-581.29,-43.14,338.05,27.13,-239.26,-349.49,-608.87,957.21,-232.94
-601.09,-311.96,-107.83,877.10,452.90,937.11,-401.32,-592.55,-348.72,-754.67,331.79,252.39,465.54,-57.42,-330.30,919.57,-85.67,-122.61,19.50,361.49
415.11,167.45,-834.86,-734.85,439.45,373.64,169.81,94.25,-385.28,-685.06,304.39,-718.78,165.74,-414.45,291.60,-128.80,-29.16,738.73,-855.18,-173.39
850.34,483.60,108.16,-783.10,-780.71,-880.47,18.10,527.12,377.54,-653.06,55.67,-697.26,-688.93,822.02,-993.68,-23.98,851.57,264.98,654.67,-734.99
163.71,-25.33,910.02,470.08,-882.27,-694.70,390.89,246.18,-396.69,496.71,669.44,779.97,-996.16,-825.56,55.36,352.39,660.78,493.70,-627.49,86.64
-856.16,752.05,-437.03,-994.86,-460.87,561.37,-709.11,752.38,157.30,-648.74,299.35,-628.10,719.83,-960.08,-387.79,-148.46,-851.56,-247.30,605.46,-694.99
-411.78,-626.23,-200.06,703.86,293.33,912.03,222.17,762.92,-899.03,246.96,577.04,-641.98,-214.36,-78.74,-545.90,997.48,-635.23,870.64,-350.60,845.11
53.94,-340.30,993.69,-654.84,-526.99,-448.45,601.94,397.42,861.10,703.46,397.59,132.34,235.86,95.76,439.01,-98.00,25.84,15.18,-846.75,197.41
897.20,365.19,-918.83,-131.68,-484.63,-399.05,83.92,792.67,-683.64,-733.44,-530.90,441.91,-408.88,-867.41,360.52,-997.01,691.01,857.69,-44.24,-809.67
211.63,479.95,598.83,465.06,-721.94,-442.77,490.51,-440.55,-768.14,607.19,-264.69,-329.41,399.81,545.30,390.81,-792.02,-479.34,996.84,281.47,827.01
104.53,235.81,-752.38,674.76,893.89,-930.53,-13.60,612.98,723.18,625.26,873.52,-941.65,809.63,807.08,923.83,577.95,706.06,710.07,911.73,-665.51
-193.95,961.38,640.55,52.43,881.79,-99.95,-821.24,-100.39,449.24,368.27,-321.33,479.80,-822.85,49.12,696.06,363.13,362.11,-427.97,606.38,247.03
368.76,500.58,-90.78,872.92,-415.70,502.64,-781.13,330.97,-356.36,-261.66,341.30,282.16,839.08,-317.39,876.46,-357.04,128.63,-946.94,730.01,-481.53
-121.31,621.94,654.49,808.93,-307.28,-558.65,765.74,-793.99,56.70,-93.88,461.90,-523.37,-888.06,121.07,-769.42,656.68,-790.18,-869.13,234.85,814.01
421.36,378.08,608.10,-493.82,711.79,-80.44,-527.17,-882.07,-653.64,-883.70,626.07,603.85,-866.84,-851.08,700.24,-971.79,835.89,328.17,-130.97,836.99
142.11,-475.02,762.44,809.23,486.48,719.92,-214.86,541.53,781.09,625.87,-932.01,-93.79,762.45,201.52,-522.43,-820.96,35.00,314.80,-267.54,115.82
172.55,631.98,-522.35,-469.37,766.22,54.22,139.72,-414.64,-69.28,-406.39,-614.23,798.94,-418.39,522.07,270.28,-744.38,488.92,14.74,-966.17,885.92
571.27,564.21,-272.60,-172.57,217.87,649.88,-692.70,196.65,-218.92,381.75,-726.15,-264.26,993.29,-318.25,-34.74,1.68,-574.54,19.32,309.28,282.44
-134.11,-590.82,-899.47,-144.27,52.28,-587.10,-328.68,629.42,-535.71,-572.56,-521.32,-814.28,378.45,-419.43,-304.87,-867.92,-968.29,204.09,-30.49,798.42
-118.16,-990.12,881.65,993.83,576.47,804.59,666.93,802.57,-616.42,-938.78,372.95,-803.60,-889.98,-188.54,290.22,862.16,-22.13,621.22,895.09,934.23
395.09,510.36,-632.52,818.88,959.63,-523.49,-408.42,555.61,-571.53,-124.19,76.87,-644.46,-723.39,177.11,703.57,-245.69,514.07,-160.27,-0.35,-360.49
-651.37,883.09,372.91,356.95,-927.27,-964.77,-444.70,796.29,-512.79,-64.88,356.70,-288.98,770.27,888.05,-238.76,-742.40,-703.80,-571.05,-227.65,548.79
528.38,878.76,391.05,-772.84,872.79,887.29,649.99,742.47,-854.90,761.03,369.84,-130.09,541.01,-441.37,672.01,207.14,447.30,-746.98,-278.07,993.56
77.68,399.95,-402.69,523.15,-532.82,-795.89,-676.54,179.14,-582.99,-714.61,-759.26,248.16,955.92,645.94,-163.16,-577.99,-213.12,-423.95,293.98,919.71
-749.23,-262.48,-326.86,-726.89,492.97,154.61,81.04,-125.75,393.85,543.63,-483.33,-395.64,171.21,442.28,-122.00,-659.66,-952.47,-504.92,-139.56,-416.14
207.66,-877.41,941.14,-551.22,-567.20,766.95,559.27,-81.56,620.53,-993.86,-290.99,32.48,818.82,-279.48,529.66,353.65,-921.53,-385.16,-696.56,775.22
-612.42,-399.31,245.39,176.04,-110.58,-885.31,-105.97,671.77,951.90,-40.84,-228.02,-186.86,-651.46,942.02,-746.05,-107.70,223.94,-137.02,327.72,84.84
-300.28,-820.34,-393.54,-818.14,-668.94,-495.87,891.94,540.10,-728.05,-541.73,-393.25,-320.67,456.51,-536.49,479.88,-311.64,749.90,-58.47,-619.68,247.61
-758.29,877.27,792.63,-899.96,-787.38,-224.54,-366.04,-451.53,170.46,975.03,946.22,846.77,-777.41,733.43,482.97,-34.57,-328.67,-935.21,167.33,-40.03
-27.43,-149.08,0.72,165.28,-241.70,984.89,508.66,989.03,879.76,-963.47,-191.32,326.34,-820.29,-222.41,577.68,-486.89,-533.97,-335.91,-447.51,-293.14
451.47,-530.54,-563.07,732.07,417.82,-966.10,660.12,478.23,411.72,-257.00,519.71,814.21,-899.80,-556.40,804.74,-730.93,667.31,-597.11,116.22,550.44